instance_id,theorem_name,source_file,declaration_line,category,reason,detail
util-attributes-basic-imo-2024-p6,imo_2024_p6,FormalConjectures/Util/Attributes/Basic.lean,65,,support_file,deferred candidate
util-attributes-basic-imo-2024-p6-2,imo_2024_p6,FormalConjectures/Util/Attributes/Basic.lean,65,,support_file,deferred candidate
util-attributes-basic-a-solved-problem-with-formal-proof,a_solved_problem_with_formal_proof,FormalConjectures/Util/Attributes/Basic.lean,78,research solved,support_file,deferred candidate
arxiv-1308-0994-boxdotconjecture-ktextendsk,Arxiv.«1308.0994».KTExtendsK,FormalConjectures/Arxiv/1308.0994/BoxdotConjecture.lean,144,API,out_of_scope_category,
arxiv-1601-03081-uniquecrystalcomponents-iscrystalwithcomponents-35-5-7,Arxiv.«1601.03081».isCrystalWithComponents_35_5_7,FormalConjectures/Arxiv/1601.03081/UniqueCrystalComponents.lean,37,test,out_of_scope_category,
arxiv-1609-08688-sincreasingrtuples-not-lt,Arxiv.«1609.08688».not_lt₂,FormalConjectures/Arxiv/1609.08688/sIncreasingrTuples.lean,45,API,out_of_scope_category,
arxiv-1609-08688-sincreasingrtuples-not-lt-of-forall-le,Arxiv.«1609.08688».not_lt₂_of_forall_le,FormalConjectures/Arxiv/1609.08688/sIncreasingrTuples.lean,49,API,out_of_scope_category,
arxiv-1609-08688-sincreasingrtuples-not-lt-of-exists,Arxiv.«1609.08688».not_lt₂_of_exists,FormalConjectures/Arxiv/1609.08688/sIncreasingrTuples.lean,53,API,out_of_scope_category,
arxiv-1609-08688-sincreasingrtuples-not-lt-self,Arxiv.«1609.08688».not_lt₂_self,FormalConjectures/Arxiv/1609.08688/sIncreasingrTuples.lean,63,API,out_of_scope_category,
arxiv-1609-08688-sincreasingrtuples-lt-example-1,Arxiv.«1609.08688».lt₂_example_1,FormalConjectures/Arxiv/1609.08688/sIncreasingrTuples.lean,68,test,out_of_scope_category,
arxiv-1609-08688-sincreasingrtuples-lt-example-2,Arxiv.«1609.08688».lt₂_example_2,FormalConjectures/Arxiv/1609.08688/sIncreasingrTuples.lean,72,test,out_of_scope_category,
arxiv-1609-08688-sincreasingrtuples-lt-example-3,Arxiv.«1609.08688».lt₂_example_3,FormalConjectures/Arxiv/1609.08688/sIncreasingrTuples.lean,76,test,out_of_scope_category,
arxiv-1609-08688-sincreasingrtuples-not-lt-example,Arxiv.«1609.08688».not_lt₂_example,FormalConjectures/Arxiv/1609.08688/sIncreasingrTuples.lean,80,test,out_of_scope_category,
arxiv-1609-08688-sincreasingrtuples-not-trans-lt-nat,Arxiv.«1609.08688».not_trans_lt₂_nat,FormalConjectures/Arxiv/1609.08688/sIncreasingrTuples.lean,84,API,out_of_scope_category,
arxiv-1609-08688-sincreasingrtuples-isincreasing-nil,Arxiv.«1609.08688».isIncreasing₂_nil,FormalConjectures/Arxiv/1609.08688/sIncreasingrTuples.lean,96,API,out_of_scope_category,
arxiv-1609-08688-sincreasingrtuples-isincreasing-singleton,Arxiv.«1609.08688».isIncreasing₂_singleton,FormalConjectures/Arxiv/1609.08688/sIncreasingrTuples.lean,100,API,out_of_scope_category,
arxiv-1609-08688-sincreasingrtuples-isincreasing-const-length,Arxiv.«1609.08688».isIncreasing₂_const_length,FormalConjectures/Arxiv/1609.08688/sIncreasingrTuples.lean,104,API,out_of_scope_category,
arxiv-1609-08688-sincreasingrtuples-maximallength-zero,Arxiv.«1609.08688».maximalLength_zero,FormalConjectures/Arxiv/1609.08688/sIncreasingrTuples.lean,124,test,out_of_scope_category,
arxiv-1609-08688-sincreasingrtuples-maximallength-one,Arxiv.«1609.08688».maximalLength_one,FormalConjectures/Arxiv/1609.08688/sIncreasingrTuples.lean,134,test,out_of_scope_category,
arxiv-1609-08688-sincreasingrtuples-maximallength-four,Arxiv.«1609.08688».maximalLength_four,FormalConjectures/Arxiv/1609.08688/sIncreasingrTuples.lean,152,test,out_of_scope_category,
arxiv-1609-08688-sincreasingrtuples-exists-pair-of-mem-icc,Arxiv.«1609.08688».exists_pair_of_mem_Icc,FormalConjectures/Arxiv/1609.08688/sIncreasingrTuples.lean,158,API,out_of_scope_category,
arxiv-1609-08688-sincreasingrtuples-tripleproduct-const,Arxiv.«1609.08688».tripleProduct_const,FormalConjectures/Arxiv/1609.08688/sIncreasingrTuples.lean,196,API,out_of_scope_category,
arxiv-1609-08688-sincreasingrtuples-tripleproduct-vecconst-const,Arxiv.«1609.08688».tripleProduct_vecConst_const,FormalConjectures/Arxiv/1609.08688/sIncreasingrTuples.lean,201,API,out_of_scope_category,
arxiv-1609-08688-sincreasingrtuples-sequenceproduct-example,Arxiv.«1609.08688».sequenceProduct_example,FormalConjectures/Arxiv/1609.08688/sIncreasingrTuples.lean,216,test,out_of_scope_category,
arxiv-2107-12475-collatzlike-two-not-in-digits-three-pow-eight,Arxiv.«2107.12475».two_not_in_digits_three_pow_eight,FormalConjectures/Arxiv/2107.12475/CollatzLike.lean,48,test,out_of_scope_category,
arxiv-2501-03234-arithmeticsums-s-fst-10,Arxiv.«2501.03234».S_fst_10,FormalConjectures/Arxiv/2501.03234/ArithmeticSumS.lean,50,test,out_of_scope_category,
arxiv-2501-03234-arithmeticsums-conjecture-4-4-def-0,Arxiv.«2501.03234».conjecture_4_4_def_0,FormalConjectures/Arxiv/2501.03234/ArithmeticSumS.lean,99,test,out_of_scope_category,
arxiv-2501-03234-arithmeticsums-conjecture-4-4-def-1,Arxiv.«2501.03234».conjecture_4_4_def_1,FormalConjectures/Arxiv/2501.03234/ArithmeticSumS.lean,108,test,out_of_scope_category,
arxiv-2501-03234-arithmeticsums-conjecture-4-4-def-2,Arxiv.«2501.03234».conjecture_4_4_def_2,FormalConjectures/Arxiv/2501.03234/ArithmeticSumS.lean,117,test,out_of_scope_category,
arxiv-2501-03234-arithmeticsums-conjecture-4-4-def-3,Arxiv.«2501.03234».conjecture_4_4_def_3,FormalConjectures/Arxiv/2501.03234/ArithmeticSumS.lean,126,test,out_of_scope_category,
arxiv-2602-05192-firstproof4-finiteadditiveconvolution-comm,Arxiv.«2602.05192».finiteAdditiveConvolution_comm,FormalConjectures/Arxiv/2602.05192/FirstProof4.lean,56,test,out_of_scope_category,
arxiv-2602-05192-firstproof4-finiteadditiveconvolution-degree,Arxiv.«2602.05192».finiteAdditiveConvolution_degree,FormalConjectures/Arxiv/2602.05192/FirstProof4.lean,63,test,out_of_scope_category,
arxiv-2602-05192-firstproof4-finiteadditiveconvolution-monic,Arxiv.«2602.05192».finiteAdditiveConvolution_monic',FormalConjectures/Arxiv/2602.05192/FirstProof4.lean,69,test,out_of_scope_category,
books-borweinsineseries-borwein-sine-series,BorweinSineSeries.borwein_sine_series,FormalConjectures/Books/BorweinSineSeries.lean,48,research solved,answer_sorry,boolean_answer_non_open
books-uniformdistributionofsequences-equidistribution-isaccumulationpoint-three-halves-pow,Equidistribution.isAccumulationPoint_three_halves_pow,FormalConjectures/Books/UniformDistributionOfSequences/Equidistribution.lean,99,research open,answer_sorry,non_boolean_or_non_open
books-uniformdistributionofsequences-equidistribution-isaccumulationpoint-three-halves-pow-exists,Equidistribution.isAccumulationPoint_three_halves_pow_exists,FormalConjectures/Books/UniformDistributionOfSequences/Equidistribution.lean,107,test,out_of_scope_category,
erdosproblems-1-weaker,Erdos1.erdos_1.variants.weaker,FormalConjectures/ErdosProblems/1.lean,54,textbook,out_of_scope_category,
erdosproblems-1-least-n-3,Erdos1.erdos_1.variants.least_N_3,FormalConjectures/ErdosProblems/1.lean,126,textbook,out_of_scope_category,
erdosproblems-1038-i,Erdos1038.erdos_1038.parts.i,FormalConjectures/ErdosProblems/1038.lean,37,research open,answer_sorry,non_boolean_or_non_open
erdosproblems-1049-lambert-series-eq-num-divisor-sum,Erdos1049.lambert_series_eq_num_divisor_sum,FormalConjectures/ErdosProblems/1049.lean,55,textbook,out_of_scope_category,
erdosproblems-1052-isunitaryperfect-6,Erdos1052.isUnitaryPerfect_6,FormalConjectures/ErdosProblems/1052.lean,53,test,out_of_scope_category,
erdosproblems-1052-isunitaryperfect-60,Erdos1052.isUnitaryPerfect_60,FormalConjectures/ErdosProblems/1052.lean,58,test,out_of_scope_category,
erdosproblems-1052-isunitaryperfect-90,Erdos1052.isUnitaryPerfect_90,FormalConjectures/ErdosProblems/1052.lean,63,test,out_of_scope_category,
erdosproblems-1052-isunitaryperfect-87360,Erdos1052.isUnitaryPerfect_87360,FormalConjectures/ErdosProblems/1052.lean,68,test,out_of_scope_category,
erdosproblems-1052-isunitaryperfect-146361946186458562560000,Erdos1052.isUnitaryPerfect_146361946186458562560000,FormalConjectures/ErdosProblems/1052.lean,75,test,out_of_scope_category,
erdosproblems-1054-f-undefined-at-2,Erdos1054.f_undefined_at_2,FormalConjectures/ErdosProblems/1054.lean,59,textbook,out_of_scope_category,
erdosproblems-1054-f-undefined-at-3,Erdos1054.f_undefined_at_3,FormalConjectures/ErdosProblems/1054.lean,65,textbook,out_of_scope_category,
erdosproblems-1055-exists-p,Erdos1055.exists_p,FormalConjectures/ErdosProblems/1055.lean,44,textbook,out_of_scope_category,
erdosproblems-1056-k2,Erdos1056.erdos_1056.variants.k2,FormalConjectures/ErdosProblems/1056.lean,52,textbook,out_of_scope_category,
erdosproblems-1056-k3,Erdos1056.erdos_1056.variants.k3,FormalConjectures/ErdosProblems/1056.lean,62,textbook,out_of_scope_category,
erdosproblems-1059-isfactorial-equivalent,Erdos1059.isFactorial_equivalent,FormalConjectures/ErdosProblems/1059.lean,52,test,out_of_scope_category,
erdosproblems-1059-factorialslessthann-equivalent,Erdos1059.factorialsLessThanN_equivalent,FormalConjectures/ErdosProblems/1059.lean,73,test,out_of_scope_category,
erdosproblems-1059-allfactorialsubtractionscomposite-equivalent,Erdos1059.allFactorialSubtractionsComposite_equivalent,FormalConjectures/ErdosProblems/1059.lean,81,test,out_of_scope_category,
erdosproblems-1059-allfactorialsubtractionscomposite-101,Erdos1059.allFactorialSubtractionsComposite_101,FormalConjectures/ErdosProblems/1059.lean,88,test,out_of_scope_category,
erdosproblems-1059-allfactorialsubtractionscomposite-211,Erdos1059.allFactorialSubtractionsComposite_211,FormalConjectures/ErdosProblems/1059.lean,95,test,out_of_scope_category,
erdosproblems-1059-notallfactorialsubtractionscomposite-89,Erdos1059.notAllFactorialSubtractionsComposite_89,FormalConjectures/ErdosProblems/1059.lean,102,test,out_of_scope_category,
erdosproblems-1059-testfactorialslessthann,Erdos1059.testFactorialsLessThanN,FormalConjectures/ErdosProblems/1059.lean,113,test,out_of_scope_category,
erdosproblems-1063-better-upper,Erdos1063.erdos_1063.better_upper,FormalConjectures/ErdosProblems/1063.lean,46,research open,answer_sorry,non_boolean_or_non_open
erdosproblems-107-f-zero-eq,Erdos107.f_zero_eq,FormalConjectures/ErdosProblems/107.lean,59,test,out_of_scope_category,
erdosproblems-107-f-three-eq,Erdos107.f_three_eq,FormalConjectures/ErdosProblems/107.lean,65,test,out_of_scope_category,
erdosproblems-1071-ii,Erdos1071.erdos_1071.parts.ii,FormalConjectures/ErdosProblems/1071.lean,57,research solved,answer_sorry,boolean_answer_non_open
erdosproblems-1074-two-not-mem-pillaiprimes,Erdos1074.two_not_mem_pillaiPrimes,FormalConjectures/ErdosProblems/1074.lean,39,test,out_of_scope_category,
erdosproblems-1074-twentythree-mem-pillaiprimes,Erdos1074.twentyThree_mem_pillaiPrimes,FormalConjectures/ErdosProblems/1074.lean,45,test,out_of_scope_category,
erdosproblems-1074-ii,Erdos1074.erdos_1074.parts.ii,FormalConjectures/ErdosProblems/1074.lean,66,research open,answer_sorry,non_boolean_or_non_open
erdosproblems-1074-iv,Erdos1074.erdos_1074.parts.iv,FormalConjectures/ErdosProblems/1074.lean,85,research open,answer_sorry,non_boolean_or_non_open
erdosproblems-1074-mem-pillaiprimes,Erdos1074.erdos_1074.variants.mem_pillaiPrimes,FormalConjectures/ErdosProblems/1074.lean,92,test,out_of_scope_category,
erdosproblems-1074-ehsnumbers-init,Erdos1074.erdos_1074.variants.EHSNumbers_init,FormalConjectures/ErdosProblems/1074.lean,113,test,out_of_scope_category,
erdosproblems-1074-pillaiprimes-init,Erdos1074.erdos_1074.variants.PillaiPrimes_init,FormalConjectures/ErdosProblems/1074.lean,119,test,out_of_scope_category,
erdosproblems-1097-weaker,Erdos1097.erdos_1097.variants.weaker,FormalConjectures/ErdosProblems/1097.lean,48,textbook,out_of_scope_category,
erdosproblems-1097-lower-bound,Erdos1097.erdos_1097.variants.lower_bound,FormalConjectures/ErdosProblems/1097.lean,57,textbook,out_of_scope_category,
erdosproblems-1142-test-4,Erdos1142.erdos_1142.test_4,FormalConjectures/ErdosProblems/1142.lean,75,test,out_of_scope_category,
erdosproblems-1142-test-7,Erdos1142.erdos_1142.test_7,FormalConjectures/ErdosProblems/1142.lean,79,test,out_of_scope_category,
erdosproblems-1142-test-15,Erdos1142.erdos_1142.test_15,FormalConjectures/ErdosProblems/1142.lean,83,test,out_of_scope_category,
erdosproblems-1142-test-21,Erdos1142.erdos_1142.test_21,FormalConjectures/ErdosProblems/1142.lean,88,test,out_of_scope_category,
erdosproblems-1142-test-45,Erdos1142.erdos_1142.test_45,FormalConjectures/ErdosProblems/1142.lean,93,test,out_of_scope_category,
erdosproblems-1142-test-75,Erdos1142.erdos_1142.test_75,FormalConjectures/ErdosProblems/1142.lean,98,test,out_of_scope_category,
erdosproblems-1142-test-105,Erdos1142.erdos_1142.test_105,FormalConjectures/ErdosProblems/1142.lean,104,test,out_of_scope_category,
erdosproblems-1142-test-not-106,Erdos1142.erdos_1142.test_not_106,FormalConjectures/ErdosProblems/1142.lean,108,test,out_of_scope_category,
erdosproblems-1145-test-implies-erdos-28,Erdos1145.erdos_1145.test_implies_erdos_28,FormalConjectures/ErdosProblems/1145.lean,69,test,out_of_scope_category,
erdosproblems-1148-lower-bound,Erdos1148.erdos_1148.variants.lower_bound,FormalConjectures/ErdosProblems/1148.lean,72,textbook,out_of_scope_category,
erdosproblems-1150-parseval-lower-bound,Erdos1150.erdos_1150.variants.parseval_lower_bound,FormalConjectures/ErdosProblems/1150.lean,50,textbook,out_of_scope_category,
erdosproblems-141-first-three-odd-primes,Erdos141.first_three_odd_primes,FormalConjectures/ErdosProblems/141.lean,42,test,out_of_scope_category,
erdosproblems-141-exists-three-consecutive-primes-in-ap,Erdos141.exists_three_consecutive_primes_in_ap,FormalConjectures/ErdosProblems/141.lean,61,test,out_of_scope_category,
erdosproblems-142-erdos-142,Erdos142.erdos_142,FormalConjectures/ErdosProblems/142.lean,37,research open,answer_sorry,non_boolean_or_non_open
erdosproblems-142-upper,Erdos142.erdos_142.variants.upper,FormalConjectures/ErdosProblems/142.lean,55,research open,answer_sorry,non_boolean_or_non_open
erdosproblems-142-three,Erdos142.erdos_142.variants.three,FormalConjectures/ErdosProblems/142.lean,67,research open,answer_sorry,non_boolean_or_non_open
erdosproblems-158-b2-one,Erdos158.b2_one,FormalConjectures/ErdosProblems/158.lean,38,API,out_of_scope_category,
erdosproblems-160-better-upper,Erdos160.erdos_160.better_upper,FormalConjectures/ErdosProblems/160.lean,55,research open,answer_sorry,non_boolean_or_non_open
erdosproblems-160-better-lower,Erdos160.erdos_160.better_lower,FormalConjectures/ErdosProblems/160.lean,65,research open,answer_sorry,non_boolean_or_non_open
erdosproblems-168-f-0,Erdos168.F_0,FormalConjectures/ErdosProblems/168.lean,43,API,out_of_scope_category,
erdosproblems-168-f-1,Erdos168.F_1,FormalConjectures/ErdosProblems/168.lean,46,API,out_of_scope_category,
erdosproblems-168-f-2,Erdos168.F_2,FormalConjectures/ErdosProblems/168.lean,49,API,out_of_scope_category,
erdosproblems-168-f-3,Erdos168.F_3,FormalConjectures/ErdosProblems/168.lean,52,API,out_of_scope_category,
erdosproblems-168-mem-intervalnonternarysets-iff,Erdos168.mem_IntervalNonTernarySets_iff,FormalConjectures/ErdosProblems/168.lean,59,API,out_of_scope_category,
erdosproblems-168-f-eq-card,Erdos168.F_eq_card,FormalConjectures/ErdosProblems/168.lean,71,API,out_of_scope_category,
erdosproblems-168-i,Erdos168.erdos_168.parts.i,FormalConjectures/ErdosProblems/168.lean,90,research open,answer_sorry,non_boolean_or_non_open
erdosproblems-17-isclusterprime-97-isleast-non-cluster,Erdos17.isClusterPrime_97_isLeast_non_cluster,FormalConjectures/ErdosProblems/17.lean,74,test,out_of_scope_category,
erdosproblems-170-trivial-ruler-is-perfect,Erdos170.trivial_ruler_is_perfect,FormalConjectures/ErdosProblems/170.lean,47,API,out_of_scope_category,
erdosproblems-170-erdos170,Erdos170.erdos170,FormalConjectures/ErdosProblems/170.lean,58,research open,answer_sorry,non_boolean_or_non_open
erdosproblems-18-practicalh-one,Erdos18.practicalH_one,FormalConjectures/ErdosProblems/18.lean,45,test,out_of_scope_category,
erdosproblems-18-practicalh-two,Erdos18.practicalH_two,FormalConjectures/ErdosProblems/18.lean,50,test,out_of_scope_category,
erdosproblems-18-practicalh-six,Erdos18.practicalH_six,FormalConjectures/ErdosProblems/18.lean,66,test,out_of_scope_category,
erdosproblems-18-practicalh-twelve,Erdos18.practicalH_twelve,FormalConjectures/ErdosProblems/18.lean,72,test,out_of_scope_category,
erdosproblems-18-practicalh-le-divisors,Erdos18.practicalH_le_divisors,FormalConjectures/ErdosProblems/18.lean,77,test,out_of_scope_category,
erdosproblems-18-factorial-ispractical,Erdos18.factorial_isPractical,FormalConjectures/ErdosProblems/18.lean,84,textbook,out_of_scope_category,
erdosproblems-188-erdos-188,Erdos188.erdos_188,FormalConjectures/ErdosProblems/188.lean,45,research open,answer_sorry,non_boolean_or_non_open
erdosproblems-195-erdos-195,Erdos195.erdos_195,FormalConjectures/ErdosProblems/195.lean,37,research open,answer_sorry,non_boolean_or_non_open
erdosproblems-20-issunflowerwithkernel-empty,Erdos20.isSunflowerWithKernel_empty,FormalConjectures/ErdosProblems/20.lean,40,test,out_of_scope_category,
erdosproblems-20-issunflowerwithkernel-singleton,Erdos20.isSunflowerWithKernel_singleton,FormalConjectures/ErdosProblems/20.lean,44,test,out_of_scope_category,
erdosproblems-20-issunflower-empty,Erdos20.isSunflower_empty,FormalConjectures/ErdosProblems/20.lean,55,test,out_of_scope_category,
erdosproblems-20-issunflower-singleton,Erdos20.isSunflower_singleton,FormalConjectures/ErdosProblems/20.lean,59,test,out_of_scope_category,
erdosproblems-20-f-0-1,Erdos20.f_0_1,FormalConjectures/ErdosProblems/20.lean,71,test,out_of_scope_category,
erdosproblems-219-primearithmeticprogression-3-5-7,Erdos219.primeArithmeticProgression_3_5_7,FormalConjectures/ErdosProblems/219.lean,34,test,out_of_scope_category,
erdosproblems-219-not-primearithmeticprogression-1-2,Erdos219.not_primeArithmeticProgression_1_2,FormalConjectures/ErdosProblems/219.lean,50,test,out_of_scope_category,
erdosproblems-219-empty-not-primearithmeticprogression,Erdos219.empty_not_primeArithmeticProgression,FormalConjectures/ErdosProblems/219.lean,55,API,out_of_scope_category,
erdosproblems-219-singleton-mem-primearithmeticprogressions,Erdos219.singleton_mem_primeArithmeticProgressions,FormalConjectures/ErdosProblems/219.lean,59,API,out_of_scope_category,
erdosproblems-219-pair-mem-primearithmeticprogressions,Erdos219.pair_mem_primeArithmeticProgressions,FormalConjectures/ErdosProblems/219.lean,64,API,out_of_scope_category,
erdosproblems-23-n1,Erdos23.erdos_23.variants.n1,FormalConjectures/ErdosProblems/23.lean,36,test,out_of_scope_category,
erdosproblems-23-n1-tight,Erdos23.erdos_23.variants.n1_tight,FormalConjectures/ErdosProblems/23.lean,46,test,out_of_scope_category,
erdosproblems-23-blowupc5-tight,Erdos23.blowupC5_tight,FormalConjectures/ErdosProblems/23.lean,65,test,out_of_scope_category,
erdosproblems-257-tsum-top-eq,Erdos257.erdos_257.variants.tsum_top_eq,FormalConjectures/ErdosProblems/257.lean,47,textbook,out_of_scope_category,
erdosproblems-26-not-isthick-of-finite,Erdos26.not_isThick_of_finite,FormalConjectures/ErdosProblems/26.lean,38,test,out_of_scope_category,
erdosproblems-26-not-isthick-of-geom-one-lt,Erdos26.not_isThick_of_geom_one_lt,FormalConjectures/ErdosProblems/26.lean,42,test,out_of_scope_category,
erdosproblems-26-isthick-const,Erdos26.isThick_const,FormalConjectures/ErdosProblems/26.lean,47,test,out_of_scope_category,
erdosproblems-26-multiplesof-eq-univ,Erdos26.multiplesOf_eq_univ,FormalConjectures/ErdosProblems/26.lean,55,test,out_of_scope_category,
erdosproblems-26-isbehrend-of-contains-one,Erdos26.isBehrend_of_contains_one,FormalConjectures/ErdosProblems/26.lean,69,test,out_of_scope_category,
erdosproblems-26-isweaklybehrend-of-ge-one,Erdos26.isWeaklyBehrend_of_ge_one,FormalConjectures/ErdosProblems/26.lean,77,test,out_of_scope_category,
erdosproblems-26-not-isweaklybehrend-of-neg,Erdos26.not_isWeaklyBehrend_of_neg,FormalConjectures/ErdosProblems/26.lean,82,test,out_of_scope_category,
erdosproblems-272-erdos-272,Erdos272.erdos_272,FormalConjectures/ErdosProblems/272.lean,48,research open,answer_sorry,non_boolean_or_non_open
erdosproblems-282-greedyunitfractionrem-zero,Erdos282.greedyUnitFractionRem_zero,FormalConjectures/ErdosProblems/282.lean,47,test,out_of_scope_category,
erdosproblems-282-greedyunitfractionrem-one,Erdos282.greedyUnitFractionRem_one,FormalConjectures/ErdosProblems/282.lean,57,test,out_of_scope_category,
erdosproblems-282-general,Erdos282.erdos_282.variants.general,FormalConjectures/ErdosProblems/282.lean,76,research open,answer_sorry,non_boolean_or_non_open
erdosproblems-282-fibonacci,Erdos282.erdos_282.variants.fibonacci,FormalConjectures/ErdosProblems/282.lean,82,textbook,out_of_scope_category,
erdosproblems-282-greedyunitfractionrem-sq-one,Erdos282.greedyUnitFractionRem_sq_one,FormalConjectures/ErdosProblems/282.lean,100,test,out_of_scope_category,
erdosproblems-295-exists-k,Erdos295.exists_k,FormalConjectures/ErdosProblems/295.lean,35,textbook,out_of_scope_category,
erdosproblems-304-zero-mem-unitfractionexpressible-iff,Erdos304.zero_mem_unitFractionExpressible_iff,FormalConjectures/ErdosProblems/304.lean,35,API,out_of_scope_category,
erdosproblems-304-unitfractionexpressible-of-zero,Erdos304.unitFractionExpressible_of_zero,FormalConjectures/ErdosProblems/304.lean,40,API,out_of_scope_category,
erdosproblems-304-unitfractionexpressible-zero-left,Erdos304.unitFractionExpressible_zero_left,FormalConjectures/ErdosProblems/304.lean,54,API,out_of_scope_category,
erdosproblems-304-unitfractionexpressible-zero-right,Erdos304.unitFractionExpressible_zero_right,FormalConjectures/ErdosProblems/304.lean,58,API,out_of_scope_category,
erdosproblems-304-zero-notmem-unitfractionexpressible,Erdos304.zero_notMem_unitFractionExpressible,FormalConjectures/ErdosProblems/304.lean,62,API,out_of_scope_category,
erdosproblems-304-eq-inv-of-one-mem-unitfractionexpressible,Erdos304.eq_inv_of_one_mem_unitFractionExpressible,FormalConjectures/ErdosProblems/304.lean,67,API,out_of_scope_category,
erdosproblems-304-dvd-of-one-mem-unitfractionexpressible,Erdos304.dvd_of_one_mem_unitFractionExpressible,FormalConjectures/ErdosProblems/304.lean,75,API,out_of_scope_category,
erdosproblems-304-smallestcollection-pos,Erdos304.smallestCollection_pos,FormalConjectures/ErdosProblems/304.lean,94,API,out_of_scope_category,
erdosproblems-304-smallestcollection-left-one,Erdos304.smallestCollection_left_one,FormalConjectures/ErdosProblems/304.lean,103,API,out_of_scope_category,
erdosproblems-304-eq-one-of-smallestcollection-eq-one,Erdos304.eq_one_of_smallestCollection_eq_one,FormalConjectures/ErdosProblems/304.lean,111,API,out_of_scope_category,
erdosproblems-304-dvd-of-smallestcollection-eq-one,Erdos304.dvd_of_smallestCollection_eq_one,FormalConjectures/ErdosProblems/304.lean,117,API,out_of_scope_category,
erdosproblems-304-smallestcollection-two-fifteen,Erdos304.smallestCollection_two_fifteen,FormalConjectures/ErdosProblems/304.lean,123,test,out_of_scope_category,
erdosproblems-307-coprime,Erdos307.erdos_307.variants.coprime,FormalConjectures/ErdosProblems/307.lean,59,textbook,out_of_scope_category,
erdosproblems-313-solution-6-2-3,Erdos313.erdos_313.variants.solution_6_2_3,FormalConjectures/ErdosProblems/313.lean,47,test,out_of_scope_category,
erdosproblems-313-solution-42-2-3-7,Erdos313.erdos_313.variants.solution_42_2_3_7,FormalConjectures/ErdosProblems/313.lean,51,test,out_of_scope_category,
erdosproblems-313-exists-at-least-eight-primary-pseudoperfect,Erdos313.erdos_313.variants.exists_at_least_eight_primary_pseudoperfect,FormalConjectures/ErdosProblems/313.lean,72,textbook,out_of_scope_category,
erdosproblems-316-multiset,Erdos316.erdos_316.variants.multiset,FormalConjectures/ErdosProblems/316.lean,56,textbook,out_of_scope_category,
erdosproblems-317-claim2-inequality,Erdos317.claim2_inequality,FormalConjectures/ErdosProblems/317.lean,57,textbook,out_of_scope_category,
erdosproblems-317-counterexample,Erdos317.erdos_317.variants.counterexample,FormalConjectures/ErdosProblems/317.lean,68,textbook,out_of_scope_category,
erdosproblems-318-squares,Erdos318.erdos_318.variants.squares,FormalConjectures/ErdosProblems/318.lean,58,test,out_of_scope_category,
erdosproblems-319-erdos-319,Erdos319.erdos_319,FormalConjectures/ErdosProblems/319.lean,42,research open,answer_sorry,non_boolean_or_non_open
erdosproblems-319-istheta,Erdos319.erdos_319.variants.isTheta,FormalConjectures/ErdosProblems/319.lean,66,research open,answer_sorry,non_boolean_or_non_open
erdosproblems-319-isbigo,Erdos319.erdos_319.variants.isBigO,FormalConjectures/ErdosProblems/319.lean,85,research open,answer_sorry,non_boolean_or_non_open
erdosproblems-319-islittleo,Erdos319.erdos_319.variants.isLittleO,FormalConjectures/ErdosProblems/319.lean,104,research open,answer_sorry,non_boolean_or_non_open
erdosproblems-321-erdos-321,Erdos321.erdos_321,FormalConjectures/ErdosProblems/321.lean,44,research open,answer_sorry,non_boolean_or_non_open
erdosproblems-321-istheta,Erdos321.erdos_321.variants.isTheta,FormalConjectures/ErdosProblems/321.lean,62,research open,answer_sorry,non_boolean_or_non_open
erdosproblems-321-isbigo,Erdos321.erdos_321.variants.isBigO,FormalConjectures/ErdosProblems/321.lean,70,research open,answer_sorry,non_boolean_or_non_open
erdosproblems-321-islittleo,Erdos321.erdos_321.variants.isLittleO,FormalConjectures/ErdosProblems/321.lean,78,research open,answer_sorry,non_boolean_or_non_open
erdosproblems-329-erdos-329,Erdos329.erdos_329,FormalConjectures/ErdosProblems/329.lean,47,research open,answer_sorry,non_boolean_or_non_open
erdosproblems-329-exists-sidon-pos-density,Erdos329.exists_sidon_pos_density,FormalConjectures/ErdosProblems/329.lean,108,textbook,out_of_scope_category,
erdosproblems-33-erdos-33,Erdos33.erdos_33,FormalConjectures/ErdosProblems/33.lean,44,research open,answer_sorry,non_boolean_or_non_open
erdosproblems-332-erdos-332,Erdos332.erdos_332,FormalConjectures/ErdosProblems/332.lean,51,research open,answer_sorry,non_boolean_or_non_open
erdosproblems-340-greedysidon-go-singleton-two,Erdos340.greedySidon_go_singleton_two,FormalConjectures/ErdosProblems/340.lean,42,test,out_of_scope_category,
erdosproblems-340-greedysidon-go-pair-three,Erdos340.greedySidon_go_pair_three,FormalConjectures/ErdosProblems/340.lean,46,test,out_of_scope_category,
erdosproblems-340-greedysidon-zero,Erdos340.greedySidon_zero,FormalConjectures/ErdosProblems/340.lean,69,test,out_of_scope_category,
erdosproblems-340-greedysidon-one,Erdos340.greedySidon_one,FormalConjectures/ErdosProblems/340.lean,72,test,out_of_scope_category,
erdosproblems-340-greedysidon-two,Erdos340.greedySidon_two,FormalConjectures/ErdosProblems/340.lean,76,test,out_of_scope_category,
erdosproblems-340-greedysidon-three,Erdos340.greedySidon_three,FormalConjectures/ErdosProblems/340.lean,80,test,out_of_scope_category,
erdosproblems-340-greedysidon-four,Erdos340.greedySidon_four,FormalConjectures/ErdosProblems/340.lean,83,test,out_of_scope_category,
erdosproblems-340-greedysidon-five,Erdos340.greedySidon_five,FormalConjectures/ErdosProblems/340.lean,87,test,out_of_scope_category,
erdosproblems-340-greedysidon-ten,Erdos340.greedySidon_ten,FormalConjectures/ErdosProblems/340.lean,91,test,out_of_scope_category,
erdosproblems-340-istheta,Erdos340.erdos_340.variants.isTheta,FormalConjectures/ErdosProblems/340.lean,115,research open,answer_sorry,non_boolean_or_non_open
erdosproblems-340-third,Erdos340.erdos_340.variants.third,FormalConjectures/ErdosProblems/340.lean,124,textbook,out_of_scope_category,
erdosproblems-342-a0,Erdos342.erdos_342.test.a0,FormalConjectures/ErdosProblems/342.lean,51,test,out_of_scope_category,
erdosproblems-342-a1,Erdos342.erdos_342.test.a1,FormalConjectures/ErdosProblems/342.lean,56,test,out_of_scope_category,
erdosproblems-342-a2,Erdos342.erdos_342.test.a2,FormalConjectures/ErdosProblems/342.lean,61,test,out_of_scope_category,
erdosproblems-342-a3,Erdos342.erdos_342.test.a3,FormalConjectures/ErdosProblems/342.lean,70,test,out_of_scope_category,
erdosproblems-346-f-islacunary,Erdos346.erdos_346.variants.f_isLacunary,FormalConjectures/ErdosProblems/346.lean,47,test,out_of_scope_category,
erdosproblems-348-erdos-348,Erdos348.erdos_348,FormalConjectures/ErdosProblems/348.lean,36,research open,answer_sorry,non_boolean_or_non_open
erdosproblems-349-erdos-349,Erdos349.erdos_349,FormalConjectures/ErdosProblems/349.lean,41,research open,answer_sorry,non_boolean_or_non_open
erdosproblems-350-decidabledistinctsubsetsums-1-2,Erdos350.decidableDistinctSubsetSums_1_2,FormalConjectures/ErdosProblems/350.lean,41,test,out_of_scope_category,
erdosproblems-350-distinctsubsetsums-1-2,Erdos350.distinctSubsetSums_1_2,FormalConjectures/ErdosProblems/350.lean,45,test,out_of_scope_category,
erdosproblems-350-distinctsubsetsums-iff-decidabledistinctsubsetsums,Erdos350.DistinctSubsetSums_iff_DecidableDistinctSubsetSums,FormalConjectures/ErdosProblems/350.lean,54,API,out_of_scope_category,
erdosproblems-357-bigo-version,Erdos357.erdos_357.parts.ii.bigO_version,FormalConjectures/ErdosProblems/357.lean,58,research open,answer_sorry,non_boolean_or_non_open
erdosproblems-357-bigo-version-symm,Erdos357.erdos_357.parts.ii.bigO_version_symm,FormalConjectures/ErdosProblems/357.lean,66,research open,answer_sorry,non_boolean_or_non_open
erdosproblems-357-bigtheta-version,Erdos357.erdos_357.parts.ii.bigTheta_version,FormalConjectures/ErdosProblems/357.lean,74,research open,answer_sorry,non_boolean_or_non_open
erdosproblems-357-littleo-version,Erdos357.erdos_357.parts.ii.littleO_version,FormalConjectures/ErdosProblems/357.lean,82,research open,answer_sorry,non_boolean_or_non_open
erdosproblems-357-littleo-version-symm,Erdos357.erdos_357.parts.ii.littleO_version_symm,FormalConjectures/ErdosProblems/357.lean,90,research open,answer_sorry,non_boolean_or_non_open
erdosproblems-357-bigo-version-2,Erdos357.erdos_357.variants.monotone.parts.ii.bigO_version,FormalConjectures/ErdosProblems/357.lean,161,research open,answer_sorry,non_boolean_or_non_open
erdosproblems-357-bigo-version-symm-2,Erdos357.erdos_357.variants.monotone.parts.ii.bigO_version_symm,FormalConjectures/ErdosProblems/357.lean,169,research open,answer_sorry,non_boolean_or_non_open
erdosproblems-357-bigtheta-version-2,Erdos357.erdos_357.variants.monotone.parts.ii.bigTheta_version,FormalConjectures/ErdosProblems/357.lean,177,research open,answer_sorry,non_boolean_or_non_open
erdosproblems-357-littleo-version-2,Erdos357.erdos_357.variants.monotone.parts.ii.littleO_version,FormalConjectures/ErdosProblems/357.lean,185,research open,answer_sorry,non_boolean_or_non_open
erdosproblems-357-littleo-version-symm-2,Erdos357.erdos_357.variants.monotone.parts.ii.littleO_version_symm,FormalConjectures/ErdosProblems/357.lean,193,research open,answer_sorry,non_boolean_or_non_open
erdosproblems-358-f-id,Erdos358.f_id,FormalConjectures/ErdosProblems/358.lean,63,textbook,out_of_scope_category,
erdosproblems-359-isgoodfor-1-low-values,Erdos359.erdos_359.variants.isGoodFor_1_low_values,FormalConjectures/ErdosProblems/359.lean,55,test,out_of_scope_category,
erdosproblems-36-m-one,Erdos36.M_one,FormalConjectures/ErdosProblems/36.lean,63,test,out_of_scope_category,
erdosproblems-36-m-two,Erdos36.M_two,FormalConjectures/ErdosProblems/36.lean,67,test,out_of_scope_category,
erdosproblems-36-m-three,Erdos36.M_three,FormalConjectures/ErdosProblems/36.lean,71,test,out_of_scope_category,
erdosproblems-36-m-four,Erdos36.M_four,FormalConjectures/ErdosProblems/36.lean,75,test,out_of_scope_category,
erdosproblems-36-m-five,Erdos36.M_five,FormalConjectures/ErdosProblems/36.lean,79,test,out_of_scope_category,
erdosproblems-36-erdos-1955,Erdos36.minimum_overlap.variants.lower.erdos_1955,FormalConjectures/ErdosProblems/36.lean,95,textbook,out_of_scope_category,
erdosproblems-36-lower,Erdos36.erdos_36.variants.lower,FormalConjectures/ErdosProblems/36.lean,185,research open,answer_sorry,non_boolean_or_non_open
erdosproblems-36-upper,Erdos36.erdos_36.variants.upper,FormalConjectures/ErdosProblems/36.lean,193,research open,answer_sorry,non_boolean_or_non_open
erdosproblems-36-erdos-36,Erdos36.erdos_36,FormalConjectures/ErdosProblems/36.lean,209,research open,answer_sorry,non_boolean_or_non_open
erdosproblems-361-bigo,Erdos361.erdos_361.bigO,FormalConjectures/ErdosProblems/361.lean,35,research open,answer_sorry,non_boolean_or_non_open
erdosproblems-361-bigtheta,Erdos361.erdos_361.bigTheta,FormalConjectures/ErdosProblems/361.lean,49,research open,answer_sorry,non_boolean_or_non_open
erdosproblems-361-smallo,Erdos361.erdos_361.smallO,FormalConjectures/ErdosProblems/361.lean,63,research open,answer_sorry,non_boolean_or_non_open
erdosproblems-364-weak,Erdos364.erdos_364.variants.weak,FormalConjectures/ErdosProblems/364.lean,52,textbook,out_of_scope_category,
erdosproblems-366-exists-three-full-then-two-full,Erdos366.exists_three_full_then_two_full,FormalConjectures/ErdosProblems/366.lean,38,test,out_of_scope_category,
erdosproblems-385-trivial-ub,Erdos385.trivial_ub,FormalConjectures/ErdosProblems/385.lean,35,test,out_of_scope_category,
erdosproblems-389-mehta-four,Erdos389.erdos_389.variants.mehta_four,FormalConjectures/ErdosProblems/389.lean,43,textbook,out_of_scope_category,
erdosproblems-40-erdos-40,Erdos40.erdos_40,FormalConjectures/ErdosProblems/40.lean,55,research open,answer_sorry,non_boolean_or_non_open
erdosproblems-40-implies-erdos-28,Erdos40.erdos_40.variants.implies_erdos_28,FormalConjectures/ErdosProblems/40.lean,65,textbook,out_of_scope_category,
erdosproblems-400-g-pos,Erdos400.erdos_400.variants.g_pos,FormalConjectures/ErdosProblems/400.lean,73,test,out_of_scope_category,
erdosproblems-409-i,Erdos409.erdos_409.parts.i,FormalConjectures/ErdosProblems/409.lean,37,research open,answer_sorry,non_boolean_or_non_open
erdosproblems-409-termination,Erdos409.erdos_409.variants.termination,FormalConjectures/ErdosProblems/409.lean,44,test,out_of_scope_category,
erdosproblems-409-istheta,Erdos409.erdos_409.parts.i.isTheta,FormalConjectures/ErdosProblems/409.lean,59,research open,answer_sorry,non_boolean_or_non_open
erdosproblems-409-isbigo,Erdos409.erdos_409.parts.i.isBigO,FormalConjectures/ErdosProblems/409.lean,69,research open,answer_sorry,non_boolean_or_non_open
erdosproblems-409-islittleo,Erdos409.erdos_409.parts.i.isLittleO,FormalConjectures/ErdosProblems/409.lean,79,research open,answer_sorry,non_boolean_or_non_open
erdosproblems-409-iii,Erdos409.erdos_409.parts.iii,FormalConjectures/ErdosProblems/409.lean,96,research open,answer_sorry,non_boolean_or_non_open
erdosproblems-409-sigma,Erdos409.erdos_409.variants.sigma,FormalConjectures/ErdosProblems/409.lean,107,research open,answer_sorry,non_boolean_or_non_open
erdosproblems-409-sigma-istheta,Erdos409.erdos_409.variants.sigma_isTheta,FormalConjectures/ErdosProblems/409.lean,126,research open,answer_sorry,non_boolean_or_non_open
erdosproblems-409-sigma-isbigo,Erdos409.erdos_409.variants.sigma_isBigO,FormalConjectures/ErdosProblems/409.lean,136,research open,answer_sorry,non_boolean_or_non_open
erdosproblems-409-sigma-islittleo,Erdos409.erdos_409.variants.sigma_isLittleO,FormalConjectures/ErdosProblems/409.lean,146,research open,answer_sorry,non_boolean_or_non_open
erdosproblems-416-ii,Erdos416.erdos_416.parts.ii,FormalConjectures/ErdosProblems/416.lean,47,research open,answer_sorry,non_boolean_or_non_open
erdosproblems-416-maier-pomerance,Erdos416.erdos_416.variants.Maier_Pomerance,FormalConjectures/ErdosProblems/416.lean,77,research solved,answer_sorry,non_boolean_or_non_open
erdosproblems-416-ford,Erdos416.erdos_416.variants.Ford,FormalConjectures/ErdosProblems/416.lean,89,research solved,answer_sorry,non_boolean_or_non_open
erdosproblems-42-example-maximal-sidon,Erdos42.example_maximal_sidon,FormalConjectures/ErdosProblems/42.lean,67,textbook,out_of_scope_category,
erdosproblems-42-example-difference-set,Erdos42.example_difference_set,FormalConjectures/ErdosProblems/42.lean,92,textbook,out_of_scope_category,
erdosproblems-42-maximal-sidon-contains-zero,Erdos42.maximal_sidon_contains_zero,FormalConjectures/ErdosProblems/42.lean,110,textbook,out_of_scope_category,
erdosproblems-422-growth-rate,Erdos422.erdos_422.variants.growth_rate,FormalConjectures/ErdosProblems/422.lean,61,research open,answer_sorry,non_boolean_or_non_open
erdosproblems-434-i,Erdos434.erdos_434.parts.i,FormalConjectures/ErdosProblems/434.lean,51,research solved,answer_sorry,non_boolean_or_non_open
erdosproblems-44-maxsidonsubsetcard-icc-bound,Erdos44.maxSidonSubsetCard_icc_bound,FormalConjectures/ErdosProblems/44.lean,32,textbook,out_of_scope_category,
erdosproblems-44-example-sidon-set,Erdos44.example_sidon_set,FormalConjectures/ErdosProblems/44.lean,64,textbook,out_of_scope_category,
erdosproblems-44-sidon-set-lower-bound,Erdos44.sidon_set_lower_bound,FormalConjectures/ErdosProblems/44.lean,77,textbook,out_of_scope_category,
erdosproblems-44-greedy-sidon-construction,Erdos44.greedy_sidon_construction,FormalConjectures/ErdosProblems/44.lean,85,textbook,out_of_scope_category,
erdosproblems-445-small-example,Erdos445.erdos_445.test.small_example,FormalConjectures/ErdosProblems/445.lean,76,test,out_of_scope_category,
erdosproblems-469-erdos-469,Erdos469.erdos_469,FormalConjectures/ErdosProblems/469.lean,42,research open,answer_sorry,non_boolean_or_non_open
erdosproblems-470-smallest-weird-eq-70,Erdos470.erdos_470.variants.smallest_weird_eq_70,FormalConjectures/ErdosProblems/470.lean,63,textbook,out_of_scope_category,
erdosproblems-503-erdos-503,Erdos503.erdos_503,FormalConjectures/ErdosProblems/503.lean,35,research open,answer_sorry,non_boolean_or_non_open
erdosproblems-507-equivalent,Erdos507.erdos_507.equivalent,FormalConjectures/ErdosProblems/507.lean,68,research open,answer_sorry,non_boolean_or_non_open
erdosproblems-507-lower,Erdos507.erdos_507.lower,FormalConjectures/ErdosProblems/507.lean,76,research open,answer_sorry,non_boolean_or_non_open
erdosproblems-507-upper,Erdos507.erdos_507.upper,FormalConjectures/ErdosProblems/507.lean,85,research open,answer_sorry,non_boolean_or_non_open
erdosproblems-508-hadwigernelsonproblem,Erdos508.HadwigerNelsonProblem,FormalConjectures/ErdosProblems/508.lean,53,research open,answer_sorry,non_boolean_or_non_open
erdosproblems-508-hadwigernelsonatmostseven,Erdos508.HadwigerNelsonAtMostSeven,FormalConjectures/ErdosProblems/508.lean,89,textbook,out_of_scope_category,
erdosproblems-508-hadwigernelsonatleastthree,Erdos508.HadwigerNelsonAtLeastThree,FormalConjectures/ErdosProblems/508.lean,97,textbook,out_of_scope_category,
erdosproblems-509-bound-nonneg-of-nonempty,Erdos509.BoundedDiscCover.bound_nonneg_of_nonempty,FormalConjectures/ErdosProblems/509.lean,62,API,out_of_scope_category,
erdosproblems-513-erdos-513,Erdos513.erdos_513,FormalConjectures/ErdosProblems/513.lean,39,research open,answer_sorry,non_boolean_or_non_open
erdosproblems-539-erdos-539,Erdos539.erdos_539,FormalConjectures/ErdosProblems/539.lean,60,research open,answer_sorry,non_boolean_or_non_open
erdosproblems-539-limit,Erdos539.erdos_539.variants.limit,FormalConjectures/ErdosProblems/539.lean,112,research open,answer_sorry,non_boolean_or_non_open
erdosproblems-56-weaklydivisible-empty,Erdos56.weaklyDivisible_empty,FormalConjectures/ErdosProblems/56.lean,37,API,out_of_scope_category,
erdosproblems-56-weaklydivisible-singleton,Erdos56.weaklyDivisible_singleton,FormalConjectures/ErdosProblems/56.lean,42,API,out_of_scope_category,
erdosproblems-56-not-weaklydivisible-zero,Erdos56.not_weaklyDivisible_zero,FormalConjectures/ErdosProblems/56.lean,47,API,out_of_scope_category,
erdosproblems-56-empty-iff-weaklydivisible-zero,Erdos56.empty_iff_weaklyDivisible_zero,FormalConjectures/ErdosProblems/56.lean,51,API,out_of_scope_category,
erdosproblems-56-maxweaklydivisible-zero,Erdos56.maxWeaklyDivisible_zero,FormalConjectures/ErdosProblems/56.lean,62,test,out_of_scope_category,
erdosproblems-56-maxweaklydivisible-one,Erdos56.maxWeaklyDivisible_one,FormalConjectures/ErdosProblems/56.lean,67,test,out_of_scope_category,
erdosproblems-56-maxweaklydivisible-zero-k,Erdos56.maxWeaklyDivisible_zero_k,FormalConjectures/ErdosProblems/56.lean,76,test,out_of_scope_category,
erdosproblems-56-firstprimesmultiples-one-card-zero,Erdos56.firstPrimesMultiples_one_card_zero,FormalConjectures/ErdosProblems/56.lean,87,test,out_of_scope_category,
erdosproblems-56-firstprimesmultiples-zero-k-card-zero,Erdos56.firstPrimesMultiples_zero_k_card_zero,FormalConjectures/ErdosProblems/56.lean,97,test,out_of_scope_category,
erdosproblems-56-weaklydivisible-firstprimesmultiples,Erdos56.weaklyDivisible_firstPrimesMultiples,FormalConjectures/ErdosProblems/56.lean,105,API,out_of_scope_category,
erdosproblems-592-erdos-592,Erdos592.erdos_592,FormalConjectures/ErdosProblems/592.lean,36,research open,answer_sorry,non_boolean_or_non_open
erdosproblems-602-single-set,Erdos602.erdos_602.variants.single_set,FormalConjectures/ErdosProblems/602.lean,169,textbook,out_of_scope_category,
erdosproblems-602-empty-index,Erdos602.erdos_602.variants.empty_index,FormalConjectures/ErdosProblems/602.lean,202,textbook,out_of_scope_category,
erdosproblems-602-unique-index,Erdos602.erdos_602.variants.unique_index,FormalConjectures/ErdosProblems/602.lean,216,textbook,out_of_scope_category,
erdosproblems-602-evens-infinite,Erdos602.evens_infinite,FormalConjectures/ErdosProblems/602.lean,329,test,out_of_scope_category,
erdosproblems-602-odds-infinite,Erdos602.odds_infinite,FormalConjectures/ErdosProblems/602.lean,335,test,out_of_scope_category,
erdosproblems-602-evens-inter-odds-empty,Erdos602.evens_inter_odds_empty,FormalConjectures/ErdosProblems/602.lean,341,test,out_of_scope_category,
erdosproblems-633-ne-zero,Erdos633.IsCuttable.ne_zero,FormalConjectures/ErdosProblems/633.lean,43,API,out_of_scope_category,
erdosproblems-633-sq,Erdos633.IsCuttable.sq,FormalConjectures/ErdosProblems/633.lean,50,API,out_of_scope_category,
erdosproblems-633-of-issquare,Erdos633.IsCuttable.of_isSquare,FormalConjectures/ErdosProblems/633.lean,54,API,out_of_scope_category,
erdosproblems-633-erdos-633,Erdos633.erdos_633,FormalConjectures/ErdosProblems/633.lean,74,research open,answer_sorry,non_boolean_or_non_open
erdosproblems-633-ne-zero-2,Erdos633.IsSimiliCuttable.ne_zero,FormalConjectures/ErdosProblems/633.lean,87,API,out_of_scope_category,
erdosproblems-677-lcminterval-eq-example1,Erdos677.lcmInterval_eq_example1,FormalConjectures/ErdosProblems/677.lean,33,test,out_of_scope_category,
erdosproblems-678-lcminterval-lt-example1,Erdos678.lcmInterval_lt_example1,FormalConjectures/ErdosProblems/678.lean,40,test,out_of_scope_category,
erdosproblems-678-lcminterval-lt-example2,Erdos678.lcmInterval_lt_example2,FormalConjectures/ErdosProblems/678.lean,48,test,out_of_scope_category,
erdosproblems-678-lcminterval-lt-example3,Erdos678.lcmInterval_lt_example3,FormalConjectures/ErdosProblems/678.lean,55,test,out_of_scope_category,
erdosproblems-678-lcminterval-lt-example4,Erdos678.lcmInterval_lt_example4,FormalConjectures/ErdosProblems/678.lean,62,test,out_of_scope_category,
erdosproblems-68-sum-factorial-inv-eq-geometric,Erdos68.sum_factorial_inv_eq_geometric,FormalConjectures/ErdosProblems/68.lean,41,textbook,out_of_scope_category,
erdosproblems-69-erdos-69,Erdos69.erdos_69,FormalConjectures/ErdosProblems/69.lean,37,textbook,out_of_scope_category,
erdosproblems-694-erdos-694,Erdos694.erdos_694,FormalConjectures/ErdosProblems/694.lean,36,research open,answer_sorry,non_boolean_or_non_open
erdosproblems-707-perfect-difference-set-size-bound,Erdos707.erdos_707.variants.perfect_difference_set_size_bound,FormalConjectures/ErdosProblems/707.lean,125,textbook,out_of_scope_category,
erdosproblems-707-singer-construction,Erdos707.erdos_707.variants.singer_construction,FormalConjectures/ErdosProblems/707.lean,158,textbook,out_of_scope_category,
erdosproblems-707-example-sidon-set,Erdos707.erdos_707.variants.example_sidon_set,FormalConjectures/ErdosProblems/707.lean,168,textbook,out_of_scope_category,
erdosproblems-707-example-embedding,Erdos707.erdos_707.variants.example_embedding,FormalConjectures/ErdosProblems/707.lean,181,textbook,out_of_scope_category,
erdosproblems-707-small-sidon-sets,Erdos707.erdos_707.variants.small_sidon_sets,FormalConjectures/ErdosProblems/707.lean,215,textbook,out_of_scope_category,
erdosproblems-727-k-2,Erdos727.erdos_727.variants.k_2,FormalConjectures/ErdosProblems/727.lean,42,research open,answer_sorry,non_boolean_or_non_open
erdosproblems-730-explicit-pairs,Erdos730.erdos_730.variants.explicit_pairs,FormalConjectures/ErdosProblems/730.lean,44,textbook,out_of_scope_category,
erdosproblems-74-edgedistancestobipartite-nonempty,Erdos74.SimpleGraph.edgeDistancesToBipartite_nonempty,FormalConjectures/ErdosProblems/74.lean,48,test,out_of_scope_category,
erdosproblems-74-subgraphedgediststobipartite-bddabove,Erdos74.SimpleGraph.subgraphEdgeDistsToBipartite_bddAbove,FormalConjectures/ErdosProblems/74.lean,75,test,out_of_scope_category,
erdosproblems-757-erdos-757,Erdos757.erdos_757,FormalConjectures/ErdosProblems/757.lean,40,research open,answer_sorry,non_boolean_or_non_open
erdosproblems-770-h-eq-add-one,Erdos770.Nat.Prime.h_eq_add_one,FormalConjectures/ErdosProblems/770.lean,42,textbook,out_of_scope_category,
erdosproblems-770-odd-h-unbounded,Erdos770.erdos_770.variants.odd_h_unbounded,FormalConjectures/ErdosProblems/770.lean,48,textbook,out_of_scope_category,
erdosproblems-786-example,Erdos786.erdos_786.parts.i.example,FormalConjectures/ErdosProblems/786.lean,70,textbook,out_of_scope_category,
erdosproblems-786-nth-zero,Erdos786.nth_zero,FormalConjectures/ErdosProblems/786.lean,81,API,out_of_scope_category,
erdosproblems-786-consecutiveprimesfrom-zero,Erdos786.consecutivePrimesFrom_zero,FormalConjectures/ErdosProblems/786.lean,87,test,out_of_scope_category,
erdosproblems-786-consecutiveprimesfrom-two-one,Erdos786.consecutivePrimesFrom_two_one,FormalConjectures/ErdosProblems/786.lean,91,test,out_of_scope_category,
erdosproblems-789-erdos-789,Erdos789.erdos_789,FormalConjectures/ErdosProblems/789.lean,65,research open,answer_sorry,non_boolean_or_non_open
erdosproblems-835-property-iff-chromaticnumber,Erdos835.property_iff_chromaticNumber,FormalConjectures/ErdosProblems/835.lean,53,test,out_of_scope_category,
erdosproblems-835-johnsongraph-chromaticnumber-odd-of-johnson-chromaticnumber-composite,Erdos835.johnsonGraph_chromaticNumber_odd_of_johnson_chromaticNumber_composite,FormalConjectures/ErdosProblems/835.lean,148,test,out_of_scope_category,
erdosproblems-859-trivial-case,Erdos859.erdos_859.variants.trivial_case,FormalConjectures/ErdosProblems/859.lean,62,textbook,out_of_scope_category,
erdosproblems-859-positive-density,Erdos859.erdos_859.variants.positive_density,FormalConjectures/ErdosProblems/859.lean,71,textbook,out_of_scope_category,
erdosproblems-887-i,Erdos887.erdos_887.parts.i,FormalConjectures/ErdosProblems/887.lean,36,research open,answer_sorry,non_boolean_or_non_open
erdosproblems-888-erdos-888,Erdos888.erdos_888,FormalConjectures/ErdosProblems/888.lean,44,research open,answer_sorry,non_boolean_or_non_open
erdosproblems-89-implies-n-dvd-log-n,Erdos89.erdos_89.variants.implies_n_dvd_log_n,FormalConjectures/ErdosProblems/89.lean,55,test,out_of_scope_category,
erdosproblems-9-erdos9a-contains-one,Erdos9.erdos9A_contains_one,FormalConjectures/ErdosProblems/9.lean,34,test,out_of_scope_category,
erdosproblems-9-erdos9a-contains-three,Erdos9.erdos9A_contains_three,FormalConjectures/ErdosProblems/9.lean,42,test,out_of_scope_category,
erdosproblems-9-erdos9a-not-contains-five,Erdos9.erdos9A_not_contains_five,FormalConjectures/ErdosProblems/9.lean,50,test,out_of_scope_category,
erdosproblems-90-unitdistancecounts-bddabove,Erdos90.unitDistanceCounts_BddAbove,FormalConjectures/ErdosProblems/90.lean,51,test,out_of_scope_category,
erdosproblems-91-equitriangle-optimal,Erdos91.erdos_91.test.equiTriangle_optimal,FormalConjectures/ErdosProblems/91.lean,67,test,out_of_scope_category,
erdosproblems-91-equitriangle-unique-optimal,Erdos91.erdos_91.test.equiTriangle_unique_optimal,FormalConjectures/ErdosProblems/91.lean,112,test,out_of_scope_category,
erdosproblems-91-unitsquare-optimal,Erdos91.erdos_91.test.unitSquare_optimal,FormalConjectures/ErdosProblems/91.lean,117,test,out_of_scope_category,
erdosproblems-91-circleseven-optimal,Erdos91.erdos_91.test.circleSeven_optimal,FormalConjectures/ErdosProblems/91.lean,121,test,out_of_scope_category,
erdosproblems-91-wheelseven-optimal,Erdos91.erdos_91.test.wheelSeven_optimal,FormalConjectures/ErdosProblems/91.lean,125,test,out_of_scope_category,
erdosproblems-91-dissimilar-circleseven-wheelseven,Erdos91.erdos_91.test.dissimilar_circleSeven_wheelSeven,FormalConjectures/ErdosProblems/91.lean,129,test,out_of_scope_category,
erdosproblems-918-i-3,Erdos918.erdos_918.variants.eq_aleph_0.parts.i,FormalConjectures/ErdosProblems/918.lean,86,textbook,out_of_scope_category,
erdosproblems-918-i-4,Erdos918.erdos_918.variants.eq_aleph_0_all_subgraphs.parts.i,FormalConjectures/ErdosProblems/918.lean,96,textbook,out_of_scope_category,
erdosproblems-918-ii-3,Erdos918.erdos_918.variants.eq_aleph_0.parts.ii,FormalConjectures/ErdosProblems/918.lean,106,textbook,out_of_scope_category,
erdosproblems-918-ii-4,Erdos918.erdos_918.variants.eq_aleph_0_all_subgraphs.parts.ii,FormalConjectures/ErdosProblems/918.lean,116,textbook,out_of_scope_category,
erdosproblems-92-possible-f-values-bddabove,Erdos92.possible_f_values_BddAbove,FormalConjectures/ErdosProblems/92.lean,60,test,out_of_scope_category,
erdosproblems-942-limsup,Erdos942.erdos_942.variants.limsup,FormalConjectures/ErdosProblems/942.lean,48,textbook,out_of_scope_category,
erdosproblems-942-density,Erdos942.erdos_942.variants.density,FormalConjectures/ErdosProblems/942.lean,57,textbook,out_of_scope_category,
erdosproblems-945-equivalence,Erdos945.erdos_945.variants.equivalence,FormalConjectures/ErdosProblems/945.lean,70,textbook,out_of_scope_category,
erdosproblems-951-isbeurlingprimes,Erdos951.erdos_951.variants.isBeurlingPrimes,FormalConjectures/ErdosProblems/951.lean,42,API,out_of_scope_category,
erdosproblems-961-sylvester-schur-1-1,Erdos961.erdos_961.variants.sylvester_schur_1_1,FormalConjectures/ErdosProblems/961.lean,43,test,out_of_scope_category,
erdosproblems-975-quadratic,Erdos975.erdos_975.variants.quadratic,FormalConjectures/ErdosProblems/975.lean,83,research solved,answer_sorry,non_boolean_or_non_open
greensopenproblems-14-green-14-lower-bound-green,Green14.green_14_lower_bound_green,FormalConjectures/GreensOpenProblems/14.lean,89,research solved,answer_sorry,boolean_answer_non_open
greensopenproblems-14-green-14-lower-bound-hunter,Green14.green_14_lower_bound_hunter,FormalConjectures/GreensOpenProblems/14.lean,96,research solved,answer_sorry,boolean_answer_non_open
greensopenproblems-14-green-14-lower-bound-brown-landman-robertson,Green14.green_14_lower_bound_brown_landman_robertson,FormalConjectures/GreensOpenProblems/14.lean,103,research solved,answer_sorry,boolean_answer_non_open
greensopenproblems-14-green-14-lower-bound-li-shu,Green14.green_14_lower_bound_li_shu,FormalConjectures/GreensOpenProblems/14.lean,110,research solved,answer_sorry,boolean_answer_non_open
greensopenproblems-14-green-14-upper-bound-schoen,Green14.green_14_upper_bound_schoen,FormalConjectures/GreensOpenProblems/14.lean,117,research solved,answer_sorry,boolean_answer_non_open
greensopenproblems-14-green-14-upper-bound-kelley-meka,Green14.green_14_upper_bound_kelley_meka,FormalConjectures/GreensOpenProblems/14.lean,124,research solved,answer_sorry,boolean_answer_non_open
greensopenproblems-14-green-14-variant-2r2,Green14.green_14_variant_2r2,FormalConjectures/GreensOpenProblems/14.lean,134,research open,answer_sorry,non_boolean_or_non_open
greensopenproblems-16-green-16,Green16.green_16,FormalConjectures/GreensOpenProblems/16.lean,45,research open,answer_sorry,non_boolean_or_non_open
greensopenproblems-24-green-24,Green24.green_24,FormalConjectures/GreensOpenProblems/24.lean,53,research open,answer_sorry,non_boolean_or_non_open
greensopenproblems-25-green-25,Green25.green_25,FormalConjectures/GreensOpenProblems/25.lean,55,research open,answer_sorry,non_boolean_or_non_open
greensopenproblems-25-upper,Green25.green_25.upper,FormalConjectures/GreensOpenProblems/25.lean,60,research open,answer_sorry,non_boolean_or_non_open
greensopenproblems-25-lower,Green25.green_25.lower,FormalConjectures/GreensOpenProblems/25.lean,69,research open,answer_sorry,non_boolean_or_non_open
greensopenproblems-27-equivalent,Green27.green_27.equivalent,FormalConjectures/GreensOpenProblems/27.lean,55,research open,answer_sorry,non_boolean_or_non_open
greensopenproblems-27-lower,Green27.green_27.lower,FormalConjectures/GreensOpenProblems/27.lean,61,research open,answer_sorry,non_boolean_or_non_open
greensopenproblems-27-upper,Green27.green_27.upper,FormalConjectures/GreensOpenProblems/27.lean,68,research open,answer_sorry,non_boolean_or_non_open
greensopenproblems-31-lower,Green31.green_31.lower,FormalConjectures/GreensOpenProblems/31.lean,54,research open,answer_sorry,non_boolean_or_non_open
greensopenproblems-31-lower-eventually,Green31.green_31.variants.lower_eventually,FormalConjectures/GreensOpenProblems/31.lean,62,research open,answer_sorry,non_boolean_or_non_open
greensopenproblems-31-upper,Green31.green_31.upper,FormalConjectures/GreensOpenProblems/31.lean,73,research open,answer_sorry,non_boolean_or_non_open
greensopenproblems-31-upper-eventually,Green31.green_31.variants.upper_eventually,FormalConjectures/GreensOpenProblems/31.lean,84,research open,answer_sorry,non_boolean_or_non_open
greensopenproblems-32-hasgap-zero,Green32.hasGap_zero,FormalConjectures/GreensOpenProblems/32.lean,42,test,out_of_scope_category,
greensopenproblems-32-hasgap-empty,Green32.hasGap_empty,FormalConjectures/GreensOpenProblems/32.lean,48,test,out_of_scope_category,
greensopenproblems-32-not-hasgap-univ,Green32.not_hasGap_univ,FormalConjectures/GreensOpenProblems/32.lean,54,test,out_of_scope_category,
greensopenproblems-32-hasgap-concrete,Green32.hasGap_concrete,FormalConjectures/GreensOpenProblems/32.lean,62,test,out_of_scope_category,
greensopenproblems-32-hascosethole-empty,Green32.hasCosetHole_empty,FormalConjectures/GreensOpenProblems/32.lean,144,test,out_of_scope_category,
greensopenproblems-33-sanity-sq-bound,Green33.green_33.sanity_sq_bound,FormalConjectures/GreensOpenProblems/33.lean,52,test,out_of_scope_category,
greensopenproblems-35-lower,Green35.green_35.lower,FormalConjectures/GreensOpenProblems/35.lean,55,research open,answer_sorry,non_boolean_or_non_open
greensopenproblems-35-upper,Green35.green_35.upper,FormalConjectures/GreensOpenProblems/35.lean,63,research open,answer_sorry,non_boolean_or_non_open
greensopenproblems-35-c-inf-lower-young,Green35.variants.c_inf_lower_young,FormalConjectures/GreensOpenProblems/35.lean,88,textbook,out_of_scope_category,
greensopenproblems-37-green-37,Green37.green_37,FormalConjectures/GreensOpenProblems/37.lean,48,research open,answer_sorry,non_boolean_or_non_open
greensopenproblems-37-green-37-asymptotic,Green37.green_37_asymptotic,FormalConjectures/GreensOpenProblems/37.lean,57,research open,answer_sorry,non_boolean_or_non_open
greensopenproblems-37-green-37-theta,Green37.green_37_theta,FormalConjectures/GreensOpenProblems/37.lean,63,research open,answer_sorry,non_boolean_or_non_open
greensopenproblems-37-green-37-bigo,Green37.green_37_bigO,FormalConjectures/GreensOpenProblems/37.lean,69,research open,answer_sorry,non_boolean_or_non_open
greensopenproblems-37-green-37-littleo,Green37.green_37_littleO,FormalConjectures/GreensOpenProblems/37.lean,75,research open,answer_sorry,non_boolean_or_non_open
greensopenproblems-38-test-n1-lower,Green38.green_38.test_n1_lower,FormalConjectures/GreensOpenProblems/38.lean,48,test,out_of_scope_category,
greensopenproblems-38-lower,Green38.green_38.lower,FormalConjectures/GreensOpenProblems/38.lean,76,research open,answer_sorry,non_boolean_or_non_open
greensopenproblems-38-upper,Green38.green_38.upper,FormalConjectures/GreensOpenProblems/38.lean,84,research open,answer_sorry,non_boolean_or_non_open
greensopenproblems-38-test-zero-mem-validcardinalities,Green38.green_38.test_zero_mem_validCardinalities,FormalConjectures/GreensOpenProblems/38.lean,107,test,out_of_scope_category,
greensopenproblems-38-test-bound-above,Green38.green_38.test_bound_above,FormalConjectures/GreensOpenProblems/38.lean,114,test,out_of_scope_category,
greensopenproblems-4-green-4,Green4.green_4,FormalConjectures/GreensOpenProblems/4.lean,32,research open,answer_sorry,non_boolean_or_non_open
greensopenproblems-72-allowedsetsize-le,Green72.allowedSetSize_le,FormalConjectures/GreensOpenProblems/72.lean,49,textbook,out_of_scope_category,
hilbertproblems-17-f-nonneg,Hilbert17.f_nonneg,FormalConjectures/HilbertProblems/17.lean,58,textbook,out_of_scope_category,
hilbertproblems-17-f-not-sum-of-squares,Hilbert17.f_not_sum_of_squares,FormalConjectures/HilbertProblems/17.lean,72,textbook,out_of_scope_category,
hilbertproblems-17-hilbert17thproblemhomogenouspoly-zero-left,Hilbert17.Hilbert17thProblemHomogenousPoly_zero_left,FormalConjectures/HilbertProblems/17.lean,90,test,out_of_scope_category,
hilbertproblems-17-hilbert17thproblemhomogenouspoly-zero-right,Hilbert17.Hilbert17thProblemHomogenousPoly_zero_right,FormalConjectures/HilbertProblems/17.lean,99,test,out_of_scope_category,
hilbertproblems-5-admitsliegroupstructure-of-liegroup,Hilbert5.admitsLieGroupStructure_of_lieGroup,FormalConjectures/HilbertProblems/5.lean,52,API,out_of_scope_category,
hilbertproblems-5-locallycompact-of-admitsliegroupstructure,Hilbert5.locallyCompact_of_admitsLieGroupStructure,FormalConjectures/HilbertProblems/5.lean,59,API,out_of_scope_category,
mathoverflow-10799-half-eq-uniform,Mathoverflow10799.μ_half_eq_uniform,FormalConjectures/Mathoverflow/10799.lean,52,test,out_of_scope_category,
mathoverflow-10799-boundarycount-equiv,Mathoverflow10799.boundaryCount_equiv,FormalConjectures/Mathoverflow/10799.lean,79,test,out_of_scope_category,
mathoverflow-10799-discrete-isoperimetric-inequality,Mathoverflow10799.discrete_isoperimetric_inequality,FormalConjectures/Mathoverflow/10799.lean,206,textbook,out_of_scope_category,
mathoverflow-10799-sum-eq-one,Mathoverflow10799.μ_sum_eq_one,FormalConjectures/Mathoverflow/10799.lean,217,test,out_of_scope_category,
mathoverflow-10799-family-univ,Mathoverflow10799.μFamily_univ,FormalConjectures/Mathoverflow/10799.lean,227,test,out_of_scope_category,
mathoverflow-10799-boundarycount-empty,Mathoverflow10799.boundaryCount_empty,FormalConjectures/Mathoverflow/10799.lean,234,test,out_of_scope_category,
mathoverflow-10799-edgeboundary-empty,Mathoverflow10799.edgeBoundary_empty,FormalConjectures/Mathoverflow/10799.lean,240,test,out_of_scope_category,
mathoverflow-10799-boundarycount-univ,Mathoverflow10799.boundaryCount_univ,FormalConjectures/Mathoverflow/10799.lean,246,test,out_of_scope_category,
mathoverflow-10799-edgeboundary-univ,Mathoverflow10799.edgeBoundary_univ,FormalConjectures/Mathoverflow/10799.lean,252,test,out_of_scope_category,
mathoverflow-235893-isconnectedmap,Mathoverflow235893.Continuous.isConnectedMap,FormalConjectures/Mathoverflow/235893.lean,42,test,out_of_scope_category,
mathoverflow-339137-mathoverflow-339137-probabilistic,Mathoverflow339137.mathoverflow_339137_probabilistic,FormalConjectures/Mathoverflow/339137.lean,68,textbook,out_of_scope_category,
mathoverflow-34145-rigidmotion-test,Mathoverflow34145.rigidMotion_test,FormalConjectures/Mathoverflow/34145.lean,53,test,out_of_scope_category,
mathoverflow-34145-lbmeasure-rigidmotion,Mathoverflow34145.lbMeasure_rigidMotion,FormalConjectures/Mathoverflow/34145.lean,77,test,out_of_scope_category,
mathoverflow-34145-lbmeasure-scale,Mathoverflow34145.lbMeasure_scale,FormalConjectures/Mathoverflow/34145.lean,91,test,out_of_scope_category,
mathoverflow-34145-lbmeasure-unitsquare,Mathoverflow34145.lbMeasure_unitSquare,FormalConjectures/Mathoverflow/34145.lean,104,test,out_of_scope_category,
mathoverflow-34145-lbmeasure-rectangle-toset,Mathoverflow34145.lbMeasure_rectangle_toSet,FormalConjectures/Mathoverflow/34145.lean,115,test,out_of_scope_category,
mathoverflow-34145-tsum-area-eq-one,Mathoverflow34145.tsum_area_eq_one,FormalConjectures/Mathoverflow/34145.lean,121,test,out_of_scope_category,
mathoverflow-75792-self,Mathoverflow75792.Reachable.self,FormalConjectures/Mathoverflow/75792.lean,48,test,out_of_scope_category,
mathoverflow-75792-not-reachable-zero-fst,Mathoverflow75792.not_reachable_zero_fst,FormalConjectures/Mathoverflow/75792.lean,52,test,out_of_scope_category,
mathoverflow-75792-not-reachable-zero-snd,Mathoverflow75792.not_reachable_zero_snd,FormalConjectures/Mathoverflow/75792.lean,59,test,out_of_scope_category,
mathoverflow-75792-dec,Mathoverflow75792.Reachable.dec,FormalConjectures/Mathoverflow/75792.lean,66,test,out_of_scope_category,
mathoverflow-75792-le,Mathoverflow75792.Reachable.le,FormalConjectures/Mathoverflow/75792.lean,75,test,out_of_scope_category,
mathoverflow-75792-reachable-iff-of-two-le,Mathoverflow75792.reachable_iff_of_two_le,FormalConjectures/Mathoverflow/75792.lean,81,test,out_of_scope_category,
mathoverflow-75792-complexity-le,Mathoverflow75792.Reachable.complexity_le,FormalConjectures/Mathoverflow/75792.lean,133,test,out_of_scope_category,
mathoverflow-75792-complexity-eq,Mathoverflow75792.Reachable.complexity_eq,FormalConjectures/Mathoverflow/75792.lean,140,test,out_of_scope_category,
mathoverflow-75792-complexity,Mathoverflow75792.Reachable.complexity,FormalConjectures/Mathoverflow/75792.lean,149,test,out_of_scope_category,
mathoverflow-75792-complexity-zero,Mathoverflow75792.complexity_zero,FormalConjectures/Mathoverflow/75792.lean,155,test,out_of_scope_category,
mathoverflow-75792-complexity-one,Mathoverflow75792.complexity_one,FormalConjectures/Mathoverflow/75792.lean,158,test,out_of_scope_category,
mathoverflow-75792-complexity-two,Mathoverflow75792.complexity_two,FormalConjectures/Mathoverflow/75792.lean,164,test,out_of_scope_category,
mathoverflow-75792-pow,Mathoverflow75792.Reachable.pow,FormalConjectures/Mathoverflow/75792.lean,173,test,out_of_scope_category,
mathoverflow-75792-pow-2,Mathoverflow75792.Reachable.pow',FormalConjectures/Mathoverflow/75792.lean,179,test,out_of_scope_category,
mathoverflow-75792-five-pow-six,Mathoverflow75792.Reachable.five_pow_six,FormalConjectures/Mathoverflow/75792.lean,184,test,out_of_scope_category,
millenium-poincare-dimension-two,PoincareConjecture.poincare_conjecture.variants.dimension_two,FormalConjectures/Millenium/Poincare.lean,52,textbook,out_of_scope_category,
millenium-poincare-dimension-ge-five,PoincareConjecture.poincare_conjecture.variants.dimension_ge_five,FormalConjectures/Millenium/Poincare.lean,59,textbook,out_of_scope_category,
millenium-poincare-dimension-four,PoincareConjecture.poincare_conjecture.variants.dimension_four,FormalConjectures/Millenium/Poincare.lean,66,textbook,out_of_scope_category,
millenium-poincare-smooth-for-three,PoincareConjecture.poincare_conjecture.variants.smooth_for_three,FormalConjectures/Millenium/Poincare.lean,76,textbook,out_of_scope_category,
millenium-poincare-smooth-implication,PoincareConjecture.poincare_conjecture.variants.smooth_implication,FormalConjectures/Millenium/Poincare.lean,82,textbook,out_of_scope_category,
millenium-pvsnp-cop-eq-p,ComplexityTheory.coP_eq_P,FormalConjectures/Millenium/PvsNP.lean,107,textbook,out_of_scope_category,
millenium-pvsnp-p-subset-np,ComplexityTheory.P_subset_NP,FormalConjectures/Millenium/PvsNP.lean,119,textbook,out_of_scope_category,
millenium-pvsnp-p-subset-conp,ComplexityTheory.P_subset_coNP,FormalConjectures/Millenium/PvsNP.lean,127,textbook,out_of_scope_category,
millenium-riemannhypothesis-implies-riemannhypothesis,GRH.implies_riemannHypothesis,FormalConjectures/Millenium/RiemannHypothesis.lean,88,test,out_of_scope_category,
millenium-riemannhypothesis-extended-riemann-hypothesis-dedekindzeta-of-isincriticalstrip,ExtendedRiemannHypothesis.extended_riemann_hypothesis_dedekindZeta_of_isInCriticalStrip,FormalConjectures/Millenium/RiemannHypothesis.lean,139,test,out_of_scope_category,
oeis-228828-a-zero,OeisA228828.a_zero,FormalConjectures/OEIS/228828.lean,35,test,out_of_scope_category,
oeis-228828-a-one,OeisA228828.a_one,FormalConjectures/OEIS/228828.lean,43,test,out_of_scope_category,
oeis-228828-a-two,OeisA228828.a_two,FormalConjectures/OEIS/228828.lean,52,test,out_of_scope_category,
oeis-231201-primecondition-8,OeisA231201.primeCondition_8,FormalConjectures/OEIS/231201.lean,42,test,out_of_scope_category,
oeis-231201-primecondition-53,OeisA231201.primeCondition_53,FormalConjectures/OEIS/231201.lean,46,test,out_of_scope_category,
oeis-232174-hasprimerepresentation-2,OeisA232174.hasPrimeRepresentation_2,FormalConjectures/OEIS/232174.lean,43,test,out_of_scope_category,
oeis-232174-hasprimerepresentation-5,OeisA232174.hasPrimeRepresentation_5,FormalConjectures/OEIS/232174.lean,47,test,out_of_scope_category,
oeis-232174-hasprimerepresentation-8,OeisA232174.hasPrimeRepresentation_8,FormalConjectures/OEIS/232174.lean,51,test,out_of_scope_category,
oeis-280831-hassquarecondition-0,OeisA280831.hasSquareCondition_0,FormalConjectures/OEIS/280831.lean,41,test,out_of_scope_category,
oeis-280831-hassquarecondition-7,OeisA280831.hasSquareCondition_7,FormalConjectures/OEIS/280831.lean,45,test,out_of_scope_category,
oeis-280831-hassquarecondition-95,OeisA280831.hasSquareCondition_95,FormalConjectures/OEIS/280831.lean,49,test,out_of_scope_category,
oeis-281976-issumoffoursquareswithsquareconditions-0,OeisA281976.isSumOfFourSquaresWithSquareConditions_0,FormalConjectures/OEIS/281976.lean,43,test,out_of_scope_category,
oeis-281976-issumoffoursquareswithsquareconditions-8,OeisA281976.isSumOfFourSquaresWithSquareConditions_8,FormalConjectures/OEIS/281976.lean,47,test,out_of_scope_category,
oeis-281976-issumoffoursquareswithsquareconditions-12,OeisA281976.isSumOfFourSquaresWithSquareConditions_12,FormalConjectures/OEIS/281976.lean,51,test,out_of_scope_category,
oeis-281976-issumoffoursquareswithsquareconditions-23,OeisA281976.isSumOfFourSquaresWithSquareConditions_23,FormalConjectures/OEIS/281976.lean,55,test,out_of_scope_category,
oeis-281976-issumoffoursquareswithsquareconditions-24,OeisA281976.isSumOfFourSquaresWithSquareConditions_24,FormalConjectures/OEIS/281976.lean,59,test,out_of_scope_category,
oeis-287616-issumoftriangularandgeneralizedpolygonal-0,OeisA287616.isSumOfTriangularAndGeneralizedPolygonal_0,FormalConjectures/OEIS/287616.lean,40,test,out_of_scope_category,
oeis-287616-issumoftriangularandgeneralizedpolygonal-1,OeisA287616.isSumOfTriangularAndGeneralizedPolygonal_1,FormalConjectures/OEIS/287616.lean,45,test,out_of_scope_category,
oeis-287616-issumoftriangularandgeneralizedpolygonal-2,OeisA287616.isSumOfTriangularAndGeneralizedPolygonal_2,FormalConjectures/OEIS/287616.lean,50,test,out_of_scope_category,
oeis-287616-issumoftriangularandgeneralizedpolygonal-4,OeisA287616.isSumOfTriangularAndGeneralizedPolygonal_4,FormalConjectures/OEIS/287616.lean,55,test,out_of_scope_category,
oeis-303656-issumoftwosquaresandpowersof3and5-2,OeisA303656.isSumOfTwoSquaresAndPowersOf3And5_2,FormalConjectures/OEIS/303656.lean,46,test,out_of_scope_category,
oeis-303656-issumoftwosquaresandpowersof3and5-5,OeisA303656.isSumOfTwoSquaresAndPowersOf3And5_5,FormalConjectures/OEIS/303656.lean,50,test,out_of_scope_category,
oeis-303656-issumoftwosquaresandpowersof3and5-25,OeisA303656.isSumOfTwoSquaresAndPowersOf3And5_25,FormalConjectures/OEIS/303656.lean,54,test,out_of_scope_category,
oeis-306477-issumofbinomials-1,OeisA306477.isSumOfBinomials_1,FormalConjectures/OEIS/306477.lean,42,test,out_of_scope_category,
oeis-306477-issumofbinomials-3,OeisA306477.isSumOfBinomials_3,FormalConjectures/OEIS/306477.lean,46,test,out_of_scope_category,
oeis-306477-issumofbinomials-6,OeisA306477.isSumOfBinomials_6,FormalConjectures/OEIS/306477.lean,50,test,out_of_scope_category,
oeis-308734-issumoffoursquareswithpowers-2,OeisA308734.isSumOfFourSquaresWithPowers_2,FormalConjectures/OEIS/308734.lean,46,test,out_of_scope_category,
oeis-308734-issumoffoursquareswithpowers-3,OeisA308734.isSumOfFourSquaresWithPowers_3,FormalConjectures/OEIS/308734.lean,50,test,out_of_scope_category,
oeis-308734-issumoffoursquareswithpowers-5,OeisA308734.isSumOfFourSquaresWithPowers_5,FormalConjectures/OEIS/308734.lean,54,test,out_of_scope_category,
oeis-34693-zero,OeisA34693.zero,FormalConjectures/OEIS/34693.lean,33,test,out_of_scope_category,
oeis-34693-one,OeisA34693.one,FormalConjectures/OEIS/34693.lean,37,test,out_of_scope_category,
oeis-34693-two,OeisA34693.two,FormalConjectures/OEIS/34693.lean,42,test,out_of_scope_category,
oeis-34693-three,OeisA34693.three,FormalConjectures/OEIS/34693.lean,47,test,out_of_scope_category,
oeis-34693-seven,OeisA34693.seven,FormalConjectures/OEIS/34693.lean,52,test,out_of_scope_category,
oeis-357513-zero,OeisA357513.zero,FormalConjectures/OEIS/357513.lean,41,test,out_of_scope_category,
oeis-357513-one,OeisA357513.one,FormalConjectures/OEIS/357513.lean,44,test,out_of_scope_category,
oeis-357513-two,OeisA357513.two,FormalConjectures/OEIS/357513.lean,49,test,out_of_scope_category,
oeis-357513-three,OeisA357513.three,FormalConjectures/OEIS/357513.lean,54,test,out_of_scope_category,
oeis-357513-four,OeisA357513.four,FormalConjectures/OEIS/357513.lean,59,test,out_of_scope_category,
oeis-357513-five,OeisA357513.five,FormalConjectures/OEIS/357513.lean,64,test,out_of_scope_category,
oeis-357513-general-supercongruence-one-of-a357513-supercongruence,OeisA357513.general_supercongruence_one_of_a357513_supercongruence,FormalConjectures/OEIS/357513.lean,99,test,out_of_scope_category,
oeis-358684-log2-minfac-le,OeisA358684.log2_minFac_le,FormalConjectures/OEIS/358684.lean,65,textbook,out_of_scope_category,
oeis-358684-a-equiv-a,OeisA358684.a_equiv_a',FormalConjectures/OEIS/358684.lean,77,API,out_of_scope_category,
oeis-358684-zero,OeisA358684.zero,FormalConjectures/OEIS/358684.lean,100,test,out_of_scope_category,
oeis-358684-one,OeisA358684.one,FormalConjectures/OEIS/358684.lean,103,test,out_of_scope_category,
oeis-358684-two,OeisA358684.two,FormalConjectures/OEIS/358684.lean,106,test,out_of_scope_category,
oeis-358684-three,OeisA358684.three,FormalConjectures/OEIS/358684.lean,109,test,out_of_scope_category,
oeis-358684-four,OeisA358684.four,FormalConjectures/OEIS/358684.lean,113,test,out_of_scope_category,
oeis-358684-five,OeisA358684.five,FormalConjectures/OEIS/358684.lean,116,test,out_of_scope_category,
oeis-358684-six,OeisA358684.six,FormalConjectures/OEIS/358684.lean,120,test,out_of_scope_category,
oeis-358684-seven,OeisA358684.seven,FormalConjectures/OEIS/358684.lean,124,test,out_of_scope_category,
oeis-56777-a-65,OeisA56777.a_65,FormalConjectures/OEIS/56777.lean,47,test,out_of_scope_category,
oeis-56777-a-209,OeisA56777.a_209,FormalConjectures/OEIS/56777.lean,56,test,out_of_scope_category,
oeis-56777-a-of-comesfromprimequadruple,OeisA56777.a_of_comesFromPrimeQuadruple,FormalConjectures/OEIS/56777.lean,66,textbook,out_of_scope_category,
oeis-56777-mod-72-of-comesfromprimequadruple,OeisA56777.mod_72_of_comesFromPrimeQuadruple,FormalConjectures/OEIS/56777.lean,76,textbook,out_of_scope_category,
oeis-56777-mod-100-of-comesfromprimequadruple,OeisA56777.mod_100_of_comesFromPrimeQuadruple,FormalConjectures/OEIS/56777.lean,110,textbook,out_of_scope_category,
oeis-63880-a-108,OeisA63880.a_108,FormalConjectures/OEIS/63880.lean,57,test,out_of_scope_category,
oeis-63880-a-540,OeisA63880.a_540,FormalConjectures/OEIS/63880.lean,63,test,out_of_scope_category,
oeis-63880-a-756,OeisA63880.a_756,FormalConjectures/OEIS/63880.lean,69,test,out_of_scope_category,
oeis-63880-isprimitiveterm-108,OeisA63880.isPrimitiveTerm_108,FormalConjectures/OEIS/63880.lean,75,test,out_of_scope_category,
oeis-63880-powerful-of-isprimitiveterm,OeisA63880.powerful_of_isPrimitiveTerm,FormalConjectures/OEIS/63880.lean,89,textbook,out_of_scope_category,
oeis-63880-a-of-primitive-mul-squarefree,OeisA63880.a_of_primitive_mul_squarefree,FormalConjectures/OEIS/63880.lean,100,textbook,out_of_scope_category,
oeis-6697-count-false-morphism,OeisA6697.count_false_morphism,FormalConjectures/OEIS/6697.lean,54,API,out_of_scope_category,
oeis-6697-count-true-morphism,OeisA6697.count_true_morphism,FormalConjectures/OEIS/6697.lean,58,API,out_of_scope_category,
oeis-6697-count-false-finiteword,OeisA6697.count_false_finiteWord,FormalConjectures/OEIS/6697.lean,62,API,out_of_scope_category,
oeis-6697-count-true-finiteword,OeisA6697.count_true_finiteWord,FormalConjectures/OEIS/6697.lean,69,API,out_of_scope_category,
oeis-6697-length-finiteword,OeisA6697.length_finiteWord,FormalConjectures/OEIS/6697.lean,76,API,out_of_scope_category,
oeis-67720-a-1,OeisA67720.a_1,FormalConjectures/OEIS/67720.lean,40,test,out_of_scope_category,
oeis-67720-a-2,OeisA67720.a_2,FormalConjectures/OEIS/67720.lean,44,test,out_of_scope_category,
oeis-67720-a-4,OeisA67720.a_4,FormalConjectures/OEIS/67720.lean,49,test,out_of_scope_category,
oeis-67720-a-6,OeisA67720.a_6,FormalConjectures/OEIS/67720.lean,54,test,out_of_scope_category,
oeis-67720-a-8,OeisA67720.a_8,FormalConjectures/OEIS/67720.lean,59,test,out_of_scope_category,
oeis-67720-a-10,OeisA67720.a_10,FormalConjectures/OEIS/67720.lean,64,test,out_of_scope_category,
oeis-67720-a-of-primes,OeisA67720.a_of_primes,FormalConjectures/OEIS/67720.lean,69,textbook,out_of_scope_category,
oeis-87719-a-exists,OeisA87719.a_exists,FormalConjectures/OEIS/87719.lean,44,textbook,out_of_scope_category,
oeis-87719-a-one,OeisA87719.a_one,FormalConjectures/OEIS/87719.lean,53,test,out_of_scope_category,
oeis-87719-a-two,OeisA87719.a_two,FormalConjectures/OEIS/87719.lean,61,test,out_of_scope_category,
oeis-87719-a-three,OeisA87719.a_three,FormalConjectures/OEIS/87719.lean,69,test,out_of_scope_category,
openquantumproblems-13-symm,OpenQuantumProblem13.IsUnbiased.symm,FormalConjectures/OpenQuantumProblems/13.lean,142,API,out_of_scope_category,
openquantumproblems-13-hasmubs-zero,OpenQuantumProblem13.hasMUBs_zero,FormalConjectures/OpenQuantumProblems/13.lean,172,test,out_of_scope_category,
openquantumproblems-13-hasmubs-one,OpenQuantumProblem13.hasMUBs_one,FormalConjectures/OpenQuantumProblems/13.lean,177,test,out_of_scope_category,
openquantumproblems-13-omega-norm-sq,OpenQuantumProblem13.Qubit.omega_norm_sq,FormalConjectures/OpenQuantumProblems/13.lean,193,API,out_of_scope_category,
openquantumproblems-13-conj-omega-mul-omega,OpenQuantumProblem13.Qubit.conj_omega_mul_omega,FormalConjectures/OpenQuantumProblems/13.lean,200,API,out_of_scope_category,
openquantumproblems-13-star-smul-mul-smul,OpenQuantumProblem13.Qubit.star_smul_mul_smul,FormalConjectures/OpenQuantumProblems/13.lean,210,API,out_of_scope_category,
openquantumproblems-13-star-phasematrix-mul-phasematrix,OpenQuantumProblem13.Qubit.star_phaseMatrix_mul_phaseMatrix,FormalConjectures/OpenQuantumProblems/13.lean,218,API,out_of_scope_category,
openquantumproblems-13-star-phasematrix-mul-self-of-unit-phase,OpenQuantumProblem13.Qubit.star_phaseMatrix_mul_self_of_unit_phase,FormalConjectures/OpenQuantumProblems/13.lean,228,API,out_of_scope_category,
openquantumproblems-13-scaled-phasematrix-mem-unitary,OpenQuantumProblem13.Qubit.scaled_phaseMatrix_mem_unitary,FormalConjectures/OpenQuantumProblems/13.lean,236,API,out_of_scope_category,
openquantumproblems-13-star-phasebasis-mul-phasebasis,OpenQuantumProblem13.Qubit.star_phaseBasis_mul_phaseBasis,FormalConjectures/OpenQuantumProblems/13.lean,252,API,out_of_scope_category,
openquantumproblems-13-phase-norm-sq-eq-one,OpenQuantumProblem13.Qubit.phase_norm_sq_eq_one,FormalConjectures/OpenQuantumProblems/13.lean,264,API,out_of_scope_category,
openquantumproblems-13-omega-mul-phase-norm-sq,OpenQuantumProblem13.Qubit.omega_mul_phase_norm_sq,FormalConjectures/OpenQuantumProblems/13.lean,275,API,out_of_scope_category,
openquantumproblems-13-isunbiased-z-phaseu,OpenQuantumProblem13.Qubit.isUnbiased_Z_phaseU,FormalConjectures/OpenQuantumProblems/13.lean,290,API,out_of_scope_category,
openquantumproblems-13-relative-phaseu-phaseu-of-mul-eq-i,OpenQuantumProblem13.Qubit.relative_phaseU_phaseU_of_mul_eq_I,FormalConjectures/OpenQuantumProblems/13.lean,302,API,out_of_scope_category,
openquantumproblems-13-isunbiased-phaseu-phaseu-of-mul-eq-i,OpenQuantumProblem13.Qubit.isUnbiased_phaseU_phaseU_of_mul_eq_I,FormalConjectures/OpenQuantumProblems/13.lean,326,API,out_of_scope_category,
openquantumproblems-13-qubitfamily-ismub,OpenQuantumProblem13.Qubit.qubitFamily_isMUB,FormalConjectures/OpenQuantumProblems/13.lean,339,API,out_of_scope_category,
openquantumproblems-13-qubit-hasthreemubs,OpenQuantumProblem13.Qubit.qubit_hasThreeMUBs,FormalConjectures/OpenQuantumProblems/13.lean,358,API,out_of_scope_category,
openquantumproblems-13-relativeunitary-apply-zero-zero,OpenQuantumProblem13.Qubit.relativeUnitary_apply_zero_zero,FormalConjectures/OpenQuantumProblems/13.lean,385,API,out_of_scope_category,
openquantumproblems-13-firstcol-normsq,OpenQuantumProblem13.Qubit.firstCol_normSq,FormalConjectures/OpenQuantumProblems/13.lean,391,API,out_of_scope_category,
openquantumproblems-13-re-mul-conj,OpenQuantumProblem13.Qubit.re_mul_conj,FormalConjectures/OpenQuantumProblems/13.lean,403,API,out_of_scope_category,
openquantumproblems-13-bloch-inner-eq-two-normsq-sub-one,OpenQuantumProblem13.Qubit.bloch_inner_eq_two_normSq_sub_one,FormalConjectures/OpenQuantumProblems/13.lean,409,API,out_of_scope_category,
openquantumproblems-13-relativeunitary-self,OpenQuantumProblem13.Qubit.relativeUnitary_self,FormalConjectures/OpenQuantumProblems/13.lean,452,API,out_of_scope_category,
openquantumproblems-13-bloch-inner-self,OpenQuantumProblem13.Qubit.bloch_inner_self,FormalConjectures/OpenQuantumProblems/13.lean,458,API,out_of_scope_category,
openquantumproblems-13-bloch-ne-zero,OpenQuantumProblem13.Qubit.bloch_ne_zero,FormalConjectures/OpenQuantumProblems/13.lean,464,API,out_of_scope_category,
openquantumproblems-13-bloch-inner-eq-zero-of-isunbiased,OpenQuantumProblem13.Qubit.bloch_inner_eq_zero_of_isUnbiased,FormalConjectures/OpenQuantumProblems/13.lean,472,API,out_of_scope_category,
openquantumproblems-13-qubit-upper-bound,OpenQuantumProblem13.Qubit.qubit_upper_bound,FormalConjectures/OpenQuantumProblems/13.lean,486,API,out_of_scope_category,
openquantumproblems-13-qubit-maximal,OpenQuantumProblem13.Qubit.qubit_maximal,FormalConjectures/OpenQuantumProblems/13.lean,503,API,out_of_scope_category,
openquantumproblems-13-mutuallyunbiasedbases-dim6,OpenQuantumProblem13.mutuallyUnbiasedBases_dim6,FormalConjectures/OpenQuantumProblems/13.lean,528,research open,answer_sorry,non_boolean_or_non_open
openquantumproblems-13-mutuallyunbiasedbases-dim10,OpenQuantumProblem13.mutuallyUnbiasedBases_dim10,FormalConjectures/OpenQuantumProblems/13.lean,535,research open,answer_sorry,non_boolean_or_non_open
openquantumproblems-13-mutuallyunbiasedbases-dim12,OpenQuantumProblem13.mutuallyUnbiasedBases_dim12,FormalConjectures/OpenQuantumProblems/13.lean,542,research open,answer_sorry,non_boolean_or_non_open
openquantumproblems-13-mutuallyunbiasedbases-dim14,OpenQuantumProblem13.mutuallyUnbiasedBases_dim14,FormalConjectures/OpenQuantumProblems/13.lean,549,research open,answer_sorry,non_boolean_or_non_open
openquantumproblems-13-mutuallyunbiasedbases-dim15,OpenQuantumProblem13.mutuallyUnbiasedBases_dim15,FormalConjectures/OpenQuantumProblems/13.lean,556,research open,answer_sorry,non_boolean_or_non_open
openquantumproblems-13-mutuallyunbiasedbases,OpenQuantumProblem13.mutuallyUnbiasedBases,FormalConjectures/OpenQuantumProblems/13.lean,563,research open,answer_sorry,non_boolean_or_non_open
openquantumproblems-23-hasconstantoverlapsq-singleton,OpenQuantumProblem23.hasConstantOverlapSq_singleton,FormalConjectures/OpenQuantumProblems/23.lean,151,test,out_of_scope_category,
openquantumproblems-23-sicoverlapsq-one,OpenQuantumProblem23.sicOverlapSq_one,FormalConjectures/OpenQuantumProblems/23.lean,158,test,out_of_scope_category,
openquantumproblems-23-sicoverlapsq-pos,OpenQuantumProblem23.sicOverlapSq_pos,FormalConjectures/OpenQuantumProblems/23.lean,163,test,out_of_scope_category,
openquantumproblems-23-issicfamily-singleton-iff,OpenQuantumProblem23.isSICFamily_singleton_iff,FormalConjectures/OpenQuantumProblems/23.lean,168,test,out_of_scope_category,
openquantumproblems-23-hassicpovm-zero,OpenQuantumProblem23.hasSICPOVM_zero,FormalConjectures/OpenQuantumProblems/23.lean,176,test,out_of_scope_category,
openquantumproblems-23-issicfamily-one-of-normalized,OpenQuantumProblem23.isSICFamily_one_of_normalized,FormalConjectures/OpenQuantumProblems/23.lean,181,test,out_of_scope_category,
openquantumproblems-23-hassicpovm-one,OpenQuantumProblem23.hasSICPOVM_one,FormalConjectures/OpenQuantumProblems/23.lean,187,test,out_of_scope_category,
openquantumproblems-23-sicoverlapsq-two,OpenQuantumProblem23.sicOverlapSq_two,FormalConjectures/OpenQuantumProblems/23.lean,240,test,out_of_scope_category,
openquantumproblems-23-sicoverlapsq-three,OpenQuantumProblem23.sicOverlapSq_three,FormalConjectures/OpenQuantumProblems/23.lean,245,test,out_of_scope_category,
openquantumproblems-23-qubitsicfamily-normalized,OpenQuantumProblem23.qubitSICFamily_normalized,FormalConjectures/OpenQuantumProblems/23.lean,250,test,out_of_scope_category,
openquantumproblems-23-qubitsicfamily-pairwise,OpenQuantumProblem23.qubitSICFamily_pairwise,FormalConjectures/OpenQuantumProblems/23.lean,255,test,out_of_scope_category,
openquantumproblems-23-hassicpovm-two,OpenQuantumProblem23.hasSICPOVM_two,FormalConjectures/OpenQuantumProblems/23.lean,260,test,out_of_scope_category,
openquantumproblems-23-hessefamily-normalized,OpenQuantumProblem23.hesseFamily_normalized,FormalConjectures/OpenQuantumProblems/23.lean,264,test,out_of_scope_category,
openquantumproblems-23-hessefamily-pairwise,OpenQuantumProblem23.hesseFamily_pairwise,FormalConjectures/OpenQuantumProblems/23.lean,269,test,out_of_scope_category,
openquantumproblems-23-hassicpovm-three,OpenQuantumProblem23.hasSICPOVM_three,FormalConjectures/OpenQuantumProblems/23.lean,274,test,out_of_scope_category,
openquantumproblems-23-bb84family-normalized,OpenQuantumProblem23.bb84Family_normalized,FormalConjectures/OpenQuantumProblems/23.lean,278,test,out_of_scope_category,
openquantumproblems-23-bb84family-not-issicfamily,OpenQuantumProblem23.bb84Family_not_isSICFamily,FormalConjectures/OpenQuantumProblems/23.lean,283,test,out_of_scope_category,
openquantumproblems-35-mkstatevector-apply,OpenQuantumProblem35.mkStateVector_apply,FormalConjectures/OpenQuantumProblems/35.lean,100,API,out_of_scope_category,
openquantumproblems-35-isnormalized-iff-norm-sq-eq-one,OpenQuantumProblem35.isNormalized_iff_norm_sq_eq_one,FormalConjectures/OpenQuantumProblems/35.lean,109,API,out_of_scope_category,
openquantumproblems-35-permuteconfig-refl,OpenQuantumProblem35.permuteConfig_refl,FormalConjectures/OpenQuantumProblems/35.lean,134,test,out_of_scope_category,
openquantumproblems-35-permutestate-apply,OpenQuantumProblem35.permuteState_apply,FormalConjectures/OpenQuantumProblems/35.lean,145,API,out_of_scope_category,
openquantumproblems-35-permutestate-refl,OpenQuantumProblem35.permuteState_refl,FormalConjectures/OpenQuantumProblems/35.lean,151,test,out_of_scope_category,
openquantumproblems-35-combinefirst-leftindex,OpenQuantumProblem35.combineFirst_leftIndex,FormalConjectures/OpenQuantumProblems/35.lean,180,API,out_of_scope_category,
openquantumproblems-35-combinefirst-rightindex,OpenQuantumProblem35.combineFirst_rightIndex,FormalConjectures/OpenQuantumProblems/35.lean,187,API,out_of_scope_category,
openquantumproblems-35-not-existsame-zero-dim,OpenQuantumProblem35.not_existsAME_zero_dim,FormalConjectures/OpenQuantumProblems/35.lean,244,test,out_of_scope_category,
openquantumproblems-35-card-config,OpenQuantumProblem35.card_config,FormalConjectures/OpenQuantumProblems/35.lean,256,API,out_of_scope_category,
openquantumproblems-35-maximallymixed-apply,OpenQuantumProblem35.maximallyMixed_apply,FormalConjectures/OpenQuantumProblems/35.lean,261,API,out_of_scope_category,
openquantumproblems-35-isconstantconfig-constantconfig,OpenQuantumProblem35.isConstantConfig_constantConfig,FormalConjectures/OpenQuantumProblems/35.lean,290,test,out_of_scope_category,
openquantumproblems-35-not-isconstantconfig-example,OpenQuantumProblem35.not_isConstantConfig_example,FormalConjectures/OpenQuantumProblems/35.lean,297,test,out_of_scope_category,
openquantumproblems-35-diagonalstate-apply,OpenQuantumProblem35.diagonalState_apply,FormalConjectures/OpenQuantumProblems/35.lean,309,API,out_of_scope_category,
openquantumproblems-35-constantconfig-injective,OpenQuantumProblem35.constantConfig_injective,FormalConjectures/OpenQuantumProblems/35.lean,331,API,out_of_scope_category,
openquantumproblems-35-isconstantconfig-iff-exists-constantconfig,OpenQuantumProblem35.isConstantConfig_iff_exists_constantConfig,FormalConjectures/OpenQuantumProblems/35.lean,340,API,out_of_scope_category,
openquantumproblems-35-uniformcoeff-norm-sq,OpenQuantumProblem35.uniformCoeff_norm_sq,FormalConjectures/OpenQuantumProblems/35.lean,354,API,out_of_scope_category,
openquantumproblems-35-uniformcoeff-mul-star,OpenQuantumProblem35.uniformCoeff_mul_star,FormalConjectures/OpenQuantumProblems/35.lean,363,API,out_of_scope_category,
openquantumproblems-35-diagonalstate-isnormalized,OpenQuantumProblem35.diagonalState_isNormalized,FormalConjectures/OpenQuantumProblems/35.lean,375,API,out_of_scope_category,
openquantumproblems-35-isconstantconfig-permute-iff,OpenQuantumProblem35.isConstantConfig_permute_iff,FormalConjectures/OpenQuantumProblems/35.lean,422,API,out_of_scope_category,
openquantumproblems-35-diagonalstate-permute,OpenQuantumProblem35.diagonalState_permute,FormalConjectures/OpenQuantumProblems/35.lean,433,API,out_of_scope_category,
openquantumproblems-35-constantcompletion-eq-iff,OpenQuantumProblem35.constantCompletion_eq_iff,FormalConjectures/OpenQuantumProblems/35.lean,446,API,out_of_scope_category,
openquantumproblems-35-eq-leftindex-zero-or-eq-rightindex,OpenQuantumProblem35.eq_leftIndex_zero_or_eq_rightIndex,FormalConjectures/OpenQuantumProblems/35.lean,457,API,out_of_scope_category,
openquantumproblems-35-constantcompletion-injective,OpenQuantumProblem35.constantCompletion_injective,FormalConjectures/OpenQuantumProblems/35.lean,472,API,out_of_scope_category,
openquantumproblems-35-isconstantconfig-combinefirst-one-iff,OpenQuantumProblem35.isConstantConfig_combineFirst_one_iff,FormalConjectures/OpenQuantumProblems/35.lean,487,API,out_of_scope_category,
openquantumproblems-35-diagonalstate-combinefirst-one,OpenQuantumProblem35.diagonalState_combineFirst_one,FormalConjectures/OpenQuantumProblems/35.lean,509,API,out_of_scope_category,
openquantumproblems-35-reduceddensityfirst-of-completion,OpenQuantumProblem35.reducedDensityFirst_of_completion,FormalConjectures/OpenQuantumProblems/35.lean,530,API,out_of_scope_category,
openquantumproblems-35-hasmaximallymixedfirstreduction-of-completion,OpenQuantumProblem35.hasMaximallyMixedFirstReduction_of_completion,FormalConjectures/OpenQuantumProblems/35.lean,578,API,out_of_scope_category,
openquantumproblems-35-diagonalstate-hasmaximallymixedfirstreduction-one,OpenQuantumProblem35.diagonalState_hasMaximallyMixedFirstReduction_one,FormalConjectures/OpenQuantumProblems/35.lean,594,API,out_of_scope_category,
openquantumproblems-35-diagonalstate-isame-of-div-two-eq-one,OpenQuantumProblem35.diagonalState_isAME_of_div_two_eq_one,FormalConjectures/OpenQuantumProblems/35.lean,610,API,out_of_scope_category,
openquantumproblems-35-bellstate-isame,OpenQuantumProblem35.bellState_isAME,FormalConjectures/OpenQuantumProblems/35.lean,623,API,out_of_scope_category,
openquantumproblems-35-ghzstate-isame,OpenQuantumProblem35.ghzState_isAME,FormalConjectures/OpenQuantumProblems/35.lean,630,API,out_of_scope_category,
openquantumproblems-35-diagonalstate-combinefirst-two-of-ne,OpenQuantumProblem35.diagonalState_combineFirst_two_of_ne,FormalConjectures/OpenQuantumProblems/35.lean,649,API,out_of_scope_category,
openquantumproblems-35-ghzstate4-not-ame,OpenQuantumProblem35.ghzState4_not_ame,FormalConjectures/OpenQuantumProblems/35.lean,663,test,out_of_scope_category,
openquantumproblems-35-oqp-35,OpenQuantumProblem35.oqp_35,FormalConjectures/OpenQuantumProblems/35.lean,857,research open,answer_sorry,non_boolean_or_non_open
optimizationconstants-1a-mem-ico-c1a,Constant1a.mem_Ico_c1a,FormalConjectures/OptimizationConstants/1a.lean,52,research open,answer_sorry,non_boolean_or_non_open
optimizationconstants-1a-mem-ioc-c1a,Constant1a.mem_Ioc_c1a,FormalConjectures/OptimizationConstants/1a.lean,57,research open,answer_sorry,non_boolean_or_non_open
optimizationconstants-1a-c1a-eq,Constant1a.c1a_eq,FormalConjectures/OptimizationConstants/1a.lean,62,research open,answer_sorry,non_boolean_or_non_open
paper-casasalvero-hascasasalveroprop,CasasAlvero.HasCasasAlveroPropᵣ.hasCasasAlveroProp,FormalConjectures/Paper/CasasAlvero.lean,62,API,out_of_scope_category,
paper-casasalvero-map-iff,CasasAlvero.HasCasasAlveroProp.map_iff,FormalConjectures/Paper/CasasAlvero.lean,70,API,out_of_scope_category,
paper-casasalvero-hascasasalveroprop-iff,CasasAlvero.hasCasasAlveroProp_iffᵣ,FormalConjectures/Paper/CasasAlvero.lean,78,API,out_of_scope_category,
paper-casasalvero-casas-alvero-iff,CasasAlvero.casas_alvero_iffᵣ,FormalConjectures/Paper/CasasAlvero.lean,92,API,out_of_scope_category,
paper-degreesequencestrianglefree-lemma1-a,DegreeSequencesTriangleFree.lemma1_a,FormalConjectures/Paper/DegreeSequencesTriangleFree.lean,55,API,out_of_scope_category,
paper-degreesequencestrianglefree-lemma1-b,DegreeSequencesTriangleFree.lemma1_b,FormalConjectures/Paper/DegreeSequencesTriangleFree.lean,66,API,out_of_scope_category,
paper-degreesequencestrianglefree-lemma2-a,DegreeSequencesTriangleFree.lemma2_a,FormalConjectures/Paper/DegreeSequencesTriangleFree.lean,83,API,out_of_scope_category,
paper-degreesequencestrianglefree-lemma2-b,DegreeSequencesTriangleFree.lemma2_b,FormalConjectures/Paper/DegreeSequencesTriangleFree.lean,95,API,out_of_scope_category,
paper-degreesequencestrianglefree-lemma2-c,DegreeSequencesTriangleFree.lemma2_c,FormalConjectures/Paper/DegreeSequencesTriangleFree.lean,107,API,out_of_scope_category,
paper-degreesequencestrianglefree-lemma2-d,DegreeSequencesTriangleFree.lemma2_d,FormalConjectures/Paper/DegreeSequencesTriangleFree.lean,119,API,out_of_scope_category,
paper-degreesequencestrianglefree-lemma3,SimpleGraph.lemma3,FormalConjectures/Paper/DegreeSequencesTriangleFree.lean,152,API,out_of_scope_category,
paper-degreesequencestrianglefree-lemma4,SimpleGraph.lemma4,FormalConjectures/Paper/DegreeSequencesTriangleFree.lean,163,API,out_of_scope_category,
paper-dubner-t1,DubnerConjecture.t1,FormalConjectures/Paper/Dubner.lean,36,test,out_of_scope_category,
paper-dubner-t2,DubnerConjecture.t2,FormalConjectures/Paper/Dubner.lean,40,test,out_of_scope_category,
paper-dubner-t3,DubnerConjecture.t3,FormalConjectures/Paper/Dubner.lean,44,test,out_of_scope_category,
paper-dubner-t4,DubnerConjecture.t4,FormalConjectures/Paper/Dubner.lean,48,test,out_of_scope_category,
paper-dubner-t5,DubnerConjecture.t5,FormalConjectures/Paper/Dubner.lean,52,test,out_of_scope_category,
paper-hartshorneconjecture-hasfinitecoproductsvectorbundles,HartshorneConjecture.AlgebraicGeometry.Scheme.hasFiniteCoproductsVectorBundles,FormalConjectures/Paper/HartshorneConjecture.lean,72,API,out_of_scope_category,
paper-kurepa-prime-reduction,Kurepa.kurepa_conjecture.prime_reduction,FormalConjectures/Paper/Kurepa.lean,62,textbook,out_of_scope_category,
paper-kurepa-gcd-reduction,Kurepa.kurepa_conjecture.gcd_reduction,FormalConjectures/Paper/Kurepa.lean,100,textbook,out_of_scope_category,
paper-kurepa-first-cases,Kurepa.kurepa_conjecture.variants.first_cases,FormalConjectures/Paper/Kurepa.lean,130,test,out_of_scope_category,
paper-kurepa-first-cases-2,Kurepa.kurepa_conjecture.variants.gcd.first_cases,FormalConjectures/Paper/Kurepa.lean,138,test,out_of_scope_category,
paper-latinsquare-oddorderleq9latinsquaretransversal,LatinSquare.oddOrderLeq9LatinSquareTransversal,FormalConjectures/Paper/LatinSquare.lean,48,research solved,answer_sorry,boolean_answer_non_open
paper-latinsquare-z-zero,LatinSquare.z_zero,FormalConjectures/Paper/LatinSquare.lean,86,test,out_of_scope_category,
paper-latinsquare-z-odd-values,LatinSquare.z_odd_values,FormalConjectures/Paper/LatinSquare.lean,92,test,out_of_scope_category,
paper-latinsquare-z-even,LatinSquare.z_even,FormalConjectures/Paper/LatinSquare.lean,96,textbook,out_of_scope_category,
paper-monochromaticquantumgraph-eqsystem4-d2-nat,MonochromaticQuantumGraph.eqSystem4_d2_nat,FormalConjectures/Paper/MonochromaticQuantumGraph.lean,223,test,out_of_scope_category,
paper-monochromaticquantumgraph-eqsystem4-has-solution-d2,MonochromaticQuantumGraph.eqSystem4_has_solution_d2,FormalConjectures/Paper/MonochromaticQuantumGraph.lean,228,test,out_of_scope_category,
paper-monochromaticquantumgraph-eqsystem4-d3-nat,MonochromaticQuantumGraph.eqSystem4_d3_nat,FormalConjectures/Paper/MonochromaticQuantumGraph.lean,261,test,out_of_scope_category,
paper-monochromaticquantumgraph-eqsystem4-has-solution-d3,MonochromaticQuantumGraph.eqSystem4_has_solution_d3,FormalConjectures/Paper/MonochromaticQuantumGraph.lean,267,test,out_of_scope_category,
paper-monochromaticquantumgraph-eqsystem6-d2-nat,MonochromaticQuantumGraph.eqSystem6_d2_nat,FormalConjectures/Paper/MonochromaticQuantumGraph.lean,300,test,out_of_scope_category,
paper-monochromaticquantumgraph-eqsystem6-has-solution-d2,MonochromaticQuantumGraph.eqSystem6_has_solution_d2,FormalConjectures/Paper/MonochromaticQuantumGraph.lean,306,test,out_of_scope_category,
paper-strongsensitivityconjecture-nisanexample-sensitivity,StrongSensitivityConjecture.nisanExample_sensitivity,FormalConjectures/Paper/StrongSensitivityConjecture.lean,120,test,out_of_scope_category,
paper-strongsensitivityconjecture-nisanexample-blocksensitivity,StrongSensitivityConjecture.nisanExample_blockSensitivity,FormalConjectures/Paper/StrongSensitivityConjecture.lean,129,test,out_of_scope_category,
paper-weaklyfirstcountable-exists-weakly-first-countable-not-first-countable,WeaklyFirstCountable.exists_weakly_first_countable_not_first_countable,FormalConjectures/Paper/WeaklyFirstCountable.lean,53,textbook,out_of_scope_category,
wikipedia-abc-radical-16,ABC.radical_16,FormalConjectures/Wikipedia/ABC.lean,33,test,out_of_scope_category,
wikipedia-abc-radical-17,ABC.radical_17,FormalConjectures/Wikipedia/ABC.lean,41,test,out_of_scope_category,
wikipedia-abc-radical-12,ABC.radical_12,FormalConjectures/Wikipedia/ABC.lean,45,test,out_of_scope_category,
wikipedia-agohgiuga-squarefree-of-iscarmichael,AgohGiuga.squarefree_of_isCarmichael,FormalConjectures/Wikipedia/AgohGiuga.lean,123,textbook,out_of_scope_category,
wikipedia-agohgiuga-korselts-criterion,AgohGiuga.korselts_criterion,FormalConjectures/Wikipedia/AgohGiuga.lean,138,textbook,out_of_scope_category,
wikipedia-amicablenumbers-amicable-220-284,AmicableNumbers.amicable_220_284,FormalConjectures/Wikipedia/AmicableNumbers.lean,44,test,out_of_scope_category,
wikipedia-amicablenumbers-symm,AmicableNumbers.IsAmicable.symm,FormalConjectures/Wikipedia/AmicableNumbers.lean,49,test,out_of_scope_category,
wikipedia-bealconjecture-flt-of-beal-conjecture,BealConjecture.flt_of_beal_conjecture,FormalConjectures/Wikipedia/BealConjecture.lean,43,textbook,out_of_scope_category,
wikipedia-betrothednumbers-betrothed-48-75,BetrothedNumbers.betrothed_48_75,FormalConjectures/Wikipedia/BetrothedNumbers.lean,43,test,out_of_scope_category,
wikipedia-betrothednumbers-symm,BetrothedNumbers.IsBetrothed.symm,FormalConjectures/Wikipedia/BetrothedNumbers.lean,48,test,out_of_scope_category,
wikipedia-buchi-buchi-false-m0,Buchi.buchi_false_M0,FormalConjectures/Wikipedia/Buchi.lean,57,test,out_of_scope_category,
wikipedia-buchi-buchi-false-m1,Buchi.buchi_false_M1,FormalConjectures/Wikipedia/Buchi.lean,63,test,out_of_scope_category,
wikipedia-buchi-buchi-false-m2,Buchi.buchi_false_M2,FormalConjectures/Wikipedia/Buchi.lean,73,test,out_of_scope_category,
wikipedia-buchi-buchi-false-m3,Buchi.buchi_false_M3,FormalConjectures/Wikipedia/Buchi.lean,85,test,out_of_scope_category,
wikipedia-buchi-buchi-false-m4,Buchi.buchi_false_M4,FormalConjectures/Wikipedia/Buchi.lean,99,test,out_of_scope_category,
wikipedia-busybeaver-sanity-check,BusyBeaver.sanity_check,FormalConjectures/Wikipedia/BusyBeaver.lean,64,API,out_of_scope_category,
wikipedia-busybeaver-bb-1,BusyBeaver.BB_1,FormalConjectures/Wikipedia/BusyBeaver.lean,71,test,out_of_scope_category,
wikipedia-busybeaver-bb-2,BusyBeaver.BB_2,FormalConjectures/Wikipedia/BusyBeaver.lean,76,textbook,out_of_scope_category,
wikipedia-busybeaver-bb-3,BusyBeaver.BB_3,FormalConjectures/Wikipedia/BusyBeaver.lean,81,textbook,out_of_scope_category,
wikipedia-busybeaver-bb-4,BusyBeaver.BB_4,FormalConjectures/Wikipedia/BusyBeaver.lean,86,textbook,out_of_scope_category,
wikipedia-busybeaver-bb-6,BusyBeaver.BB_6,FormalConjectures/Wikipedia/BusyBeaver.lean,98,research open,answer_sorry,non_boolean_or_non_open
wikipedia-carmichaeltotient-carchimichealtotientfor-zero,CarmichaelTotient.carchimichealTotientFor_zero,FormalConjectures/Wikipedia/CarmichaelTotient.lean,41,test,out_of_scope_category,
wikipedia-carmichaeltotient-carmichealtotientfor-odd,CarmichaelTotient.carmichealTotientFor_odd,FormalConjectures/Wikipedia/CarmichaelTotient.lean,48,textbook,out_of_scope_category,
wikipedia-catalan-lebesgue-nagell-solution-pos-one,LebesgueNagell.lebesgue_nagell_solution_pos_one,FormalConjectures/Wikipedia/Catalan.lean,71,test,out_of_scope_category,
wikipedia-catalan-lebesgue-nagell-solution-neg-one,LebesgueNagell.lebesgue_nagell_solution_neg_one,FormalConjectures/Wikipedia/Catalan.lean,77,test,out_of_scope_category,
wikipedia-congruentnumber-not-congruentnumber-1,CongruentNumber.not_congruentNumber_1,FormalConjectures/Wikipedia/CongruentNumber.lean,38,textbook,out_of_scope_category,
wikipedia-congruentnumber-congruentnumber-5,CongruentNumber.congruentNumber_5,FormalConjectures/Wikipedia/CongruentNumber.lean,43,test,out_of_scope_category,
wikipedia-congruentnumber-congruentnumber-6,CongruentNumber.congruentNumber_6,FormalConjectures/Wikipedia/CongruentNumber.lean,48,test,out_of_scope_category,
wikipedia-congruentnumber-congruentnumber-7,CongruentNumber.congruentNumber_7,FormalConjectures/Wikipedia/CongruentNumber.lean,53,test,out_of_scope_category,
wikipedia-congruentnumber-congruentnumber-157-zagier,CongruentNumber.congruentNumber_157_zagier,FormalConjectures/Wikipedia/CongruentNumber.lean,59,test,out_of_scope_category,
wikipedia-conway99graph-completegraphisclique,Conway99Graph.completeGraphIsClique,FormalConjectures/Wikipedia/Conway99Graph.lean,35,textbook,out_of_scope_category,
wikipedia-conway99graph-completegraph-cliqueset,Conway99Graph.completeGraph_cliqueSet,FormalConjectures/Wikipedia/Conway99Graph.lean,42,textbook,out_of_scope_category,
wikipedia-conway99graph-triangle-locallylinear-and-nonedgesarediagonals,Conway99Graph.triangle_locallyLinear_and_nonEdgesAreDiagonals,FormalConjectures/Wikipedia/Conway99Graph.lean,72,test,out_of_scope_category,
wikipedia-conway99graph-conway9-nonedgesarediagonals,Conway99Graph.conway9_nonEdgesAreDiagonals,FormalConjectures/Wikipedia/Conway99Graph.lean,98,test,out_of_scope_category,
wikipedia-conway99graph-completegraph-boxprod-completegraph-cliqueset,Conway99Graph.completeGraph_boxProd_completeGraph_cliqueSet,FormalConjectures/Wikipedia/Conway99Graph.lean,116,API,out_of_scope_category,
wikipedia-conway99graph-conway9-locallylinear,Conway99Graph.conway9_locallyLinear,FormalConjectures/Wikipedia/Conway99Graph.lean,123,test,out_of_scope_category,
wikipedia-dedekindnumber-m-zero,DedekindNumber.M_zero,FormalConjectures/Wikipedia/DedekindNumber.lean,81,test,out_of_scope_category,
wikipedia-dedekindnumber-m-one,DedekindNumber.M_one,FormalConjectures/Wikipedia/DedekindNumber.lean,84,test,out_of_scope_category,
wikipedia-dedekindnumber-m-two,DedekindNumber.M_two,FormalConjectures/Wikipedia/DedekindNumber.lean,87,test,out_of_scope_category,
wikipedia-dedekindnumber-m-three,DedekindNumber.M_three,FormalConjectures/Wikipedia/DedekindNumber.lean,90,test,out_of_scope_category,
wikipedia-dedekindnumber-m-zero-2,DedekindNumber.M'_zero,FormalConjectures/Wikipedia/DedekindNumber.lean,93,test,out_of_scope_category,
wikipedia-dedekindnumber-m-one-2,DedekindNumber.M'_one,FormalConjectures/Wikipedia/DedekindNumber.lean,96,test,out_of_scope_category,
wikipedia-dedekindnumber-m-two-2,DedekindNumber.M'_two,FormalConjectures/Wikipedia/DedekindNumber.lean,99,test,out_of_scope_category,
wikipedia-dedekindnumber-m-three-2,DedekindNumber.M'_three,FormalConjectures/Wikipedia/DedekindNumber.lean,102,test,out_of_scope_category,
wikipedia-dedekindnumber-supp,DedekindNumber.χ_supp,FormalConjectures/Wikipedia/DedekindNumber.lean,127,API,out_of_scope_category,
wikipedia-dedekindnumber-supp-2,DedekindNumber.supp_χ,FormalConjectures/Wikipedia/DedekindNumber.lean,131,API,out_of_scope_category,
wikipedia-dedekindnumber-le-iff,DedekindNumber.χ_le_iff,FormalConjectures/Wikipedia/DedekindNumber.lean,136,API,out_of_scope_category,
wikipedia-dedekindnumber-mem-supp-iff,DedekindNumber.mem_supp_iff,FormalConjectures/Wikipedia/DedekindNumber.lean,145,API,out_of_scope_category,
wikipedia-dedekindnumber-tosperner-issperner,DedekindNumber.toSperner_isSperner,FormalConjectures/Wikipedia/DedekindNumber.lean,149,API,out_of_scope_category,
wikipedia-dedekindnumber-fromsperner-monotone,DedekindNumber.fromSperner_monotone,FormalConjectures/Wikipedia/DedekindNumber.lean,155,API,out_of_scope_category,
wikipedia-dedekindnumber-exists-minimal-true-subset,DedekindNumber.exists_minimal_true_subset,FormalConjectures/Wikipedia/DedekindNumber.lean,170,textbook,out_of_scope_category,
wikipedia-dedekindnumber-fromsperner-tosperner,DedekindNumber.fromSperner_toSperner,FormalConjectures/Wikipedia/DedekindNumber.lean,186,textbook,out_of_scope_category,
wikipedia-dedekindnumber-tosperner-fromsperner,DedekindNumber.toSperner_fromSperner,FormalConjectures/Wikipedia/DedekindNumber.lean,205,textbook,out_of_scope_category,
wikipedia-dedekindnumber-m-eq-m,DedekindNumber.M_eq_M',FormalConjectures/Wikipedia/DedekindNumber.lean,230,test,out_of_scope_category,
wikipedia-dedekindnumber-m-eq-kisielewiczformula,DedekindNumber.M_eq_kisielewiczFormula,FormalConjectures/Wikipedia/DedekindNumber.lean,261,test,out_of_scope_category,
wikipedia-dedekindnumber-m-eq-kisielewiczformula-2,DedekindNumber.M_eq_kisielewiczFormula,FormalConjectures/Wikipedia/DedekindNumber.lean,261,test,out_of_scope_category,
wikipedia-dedekindnumber-m-eq-kisielewiczformula-3,DedekindNumber.M_eq_kisielewiczFormula,FormalConjectures/Wikipedia/DedekindNumber.lean,261,test,out_of_scope_category,
wikipedia-dedekindnumber-m-eq-kisielewiczformula-4,DedekindNumber.M_eq_kisielewiczFormula,FormalConjectures/Wikipedia/DedekindNumber.lean,261,test,out_of_scope_category,
wikipedia-dedekindnumber-m-eq,DedekindNumber.M_eq,FormalConjectures/Wikipedia/DedekindNumber.lean,269,research open,answer_sorry,non_boolean_or_non_open
wikipedia-dedekindnumber-dedekind-10,DedekindNumber.Dedekind_10,FormalConjectures/Wikipedia/DedekindNumber.lean,276,research open,answer_sorry,non_boolean_or_non_open
wikipedia-diametersimplefinitegroups-groupdiam-fin-one,BabaiSeressConjectures.groupDiam_fin_one,FormalConjectures/Wikipedia/DiameterSimpleFiniteGroups.lean,64,test,out_of_scope_category,
wikipedia-diametersimplefinitegroups-groupdiam-alternating-three,BabaiSeressConjectures.groupDiam_alternating_three,FormalConjectures/Wikipedia/DiameterSimpleFiniteGroups.lean,77,test,out_of_scope_category,
wikipedia-diametersimplefinitegroups-groupdiam-perm-two,BabaiSeressConjectures.groupDiam_perm_two,FormalConjectures/Wikipedia/DiameterSimpleFiniteGroups.lean,116,test,out_of_scope_category,
wikipedia-ellipticcurverank-card-heightle-div-pow-five-div-six-tensto,EllipticCurveRank.RatEllipticCurve.card_heightLE_div_pow_five_div_six_tensto,FormalConjectures/Wikipedia/EllipticCurveRank.lean,85,textbook,out_of_scope_category,
wikipedia-ellipticcurverank-elkiesklagsbrun29,EllipticCurveRank.WeierstrassCurve.Δ_elkiesKlagsbrun29,FormalConjectures/Wikipedia/EllipticCurveRank.lean,175,test,out_of_scope_category,
wikipedia-ellipticcurverank-elkies28,EllipticCurveRank.WeierstrassCurve.Δ_elkies28,FormalConjectures/Wikipedia/EllipticCurveRank.lean,207,test,out_of_scope_category,
wikipedia-fibonacciprimes-indices-infinite-iff-fib-primes-infinite,FibonacciPrimes.indices_infinite_iff_fib_primes_infinite,FormalConjectures/Wikipedia/FibonacciPrimes.lean,48,test,out_of_scope_category,
wikipedia-gromovpolynomialgrowth-cayleyball-zero,GromovPolynomialGrowth.cayleyBall_zero,FormalConjectures/Wikipedia/GromovPolynomialGrowth.lean,43,API,out_of_scope_category,
wikipedia-gromovpolynomialgrowth-cayleyball-finite,GromovPolynomialGrowth.cayleyBall_finite,FormalConjectures/Wikipedia/GromovPolynomialGrowth.lean,47,API,out_of_scope_category,
wikipedia-gromovpolynomialgrowth-growthfunction-zero,GromovPolynomialGrowth.growthFunction_zero,FormalConjectures/Wikipedia/GromovPolynomialGrowth.lean,62,API,out_of_scope_category,
wikipedia-gromovpolynomialgrowth-one-mem-cayleyball,GromovPolynomialGrowth.one_mem_cayleyBall,FormalConjectures/Wikipedia/GromovPolynomialGrowth.lean,70,API,out_of_scope_category,
wikipedia-gromovpolynomialgrowth-cayleyball-monotone,GromovPolynomialGrowth.cayleyBall_monotone,FormalConjectures/Wikipedia/GromovPolynomialGrowth.lean,78,API,out_of_scope_category,
wikipedia-gromovpolynomialgrowth-cayleyball-mul,GromovPolynomialGrowth.cayleyBall_mul,FormalConjectures/Wikipedia/GromovPolynomialGrowth.lean,86,API,out_of_scope_category,
wikipedia-gromovpolynomialgrowth-cayleyball-inv,GromovPolynomialGrowth.cayleyBall_inv,FormalConjectures/Wikipedia/GromovPolynomialGrowth.lean,103,API,out_of_scope_category,
wikipedia-gromovpolynomialgrowth-mem-cayleyball-one-of-mem,GromovPolynomialGrowth.mem_cayleyBall_one_of_mem,FormalConjectures/Wikipedia/GromovPolynomialGrowth.lean,120,API,out_of_scope_category,
wikipedia-gromovpolynomialgrowth-exists-cayleyball-mem-of-closure-eq-top,GromovPolynomialGrowth.exists_cayleyBall_mem_of_closure_eq_top,FormalConjectures/Wikipedia/GromovPolynomialGrowth.lean,124,API,out_of_scope_category,
wikipedia-gromovpolynomialgrowth-tendsto-attop-growthfunction-of-infinite,GromovPolynomialGrowth.tendsto_atTop_growthFunction_of_infinite,FormalConjectures/Wikipedia/GromovPolynomialGrowth.lean,140,API,out_of_scope_category,
wikipedia-gromovpolynomialgrowth-growthfunction-not-polynomial-of-infinite,GromovPolynomialGrowth.growthFunction_not_polynomial_of_infinite,FormalConjectures/Wikipedia/GromovPolynomialGrowth.lean,160,test,out_of_scope_category,
wikipedia-hadamard-ishadamard-equiv-ishadamard,Hadamard.isHadamard_equiv_isHadamard',FormalConjectures/Wikipedia/Hadamard.lean,50,test,out_of_scope_category,
wikipedia-hadamard-exists-hadamard-zero,Hadamard.exists_hadamard_zero,FormalConjectures/Wikipedia/Hadamard.lean,91,test,out_of_scope_category,
wikipedia-hadamard-ishadamard-h12,Hadamard.isHadamard_H12,FormalConjectures/Wikipedia/Hadamard.lean,115,test,out_of_scope_category,
wikipedia-hall-elkies-bound,Hall.elkies_bound,FormalConjectures/Wikipedia/Hall.lean,52,test,out_of_scope_category,
wikipedia-idonealcompleteness-knownidonealnumbers-are-idoneal,Idoneal.knownIdonealNumbers_are_idoneal,FormalConjectures/Wikipedia/IdonealCompleteness.lean,59,test,out_of_scope_category,
wikipedia-invariantsubspaceproblem-nontrivial-of-not-separablespace,InvariantSubspaceProblem.TopologicalSpace.nontrivial_of_not_separableSpace,FormalConjectures/Wikipedia/InvariantSubspaceProblem.lean,61,API,out_of_scope_category,
wikipedia-jacobianconjecture-comp-aeval,JacobianConjecture.comp_aeval,FormalConjectures/Wikipedia/JacobianConjecture.lean,96,API,out_of_scope_category,
wikipedia-jacobianconjecture-sanity-check-condition-1,JacobianConjecture.sanity_check_condition_1,FormalConjectures/Wikipedia/JacobianConjecture.lean,107,API,out_of_scope_category,
wikipedia-jacobianconjecture-jacobian-conjecture-identity,JacobianConjecture.jacobian_conjecture_identity,FormalConjectures/Wikipedia/JacobianConjecture.lean,118,test,out_of_scope_category,
wikipedia-jugglerconjecture-jugglerstep-36,JugglerConjecture.jugglerStep_36,FormalConjectures/Wikipedia/JugglerConjecture.lean,47,test,out_of_scope_category,
wikipedia-kakeya-iskakeya-closedball,Kakeya.isKakeya_closedBall,FormalConjectures/Wikipedia/Kakeya.lean,44,test,out_of_scope_category,
wikipedia-kaplansky-isunit,Kaplansky.IsTrivialUnit.isUnit,FormalConjectures/Wikipedia/Kaplansky.lean,62,API,out_of_scope_category,
wikipedia-kaplansky-promislow-group-is-torsionfree,Kaplansky.promislow_group_is_torsionfree,FormalConjectures/Wikipedia/Kaplansky.lean,80,API,out_of_scope_category,
wikipedia-leinstergroup-cyclic-of-perfect-is-leinster,LeinsterGroup.cyclic_of_perfect_is_leinster,FormalConjectures/Wikipedia/LeinsterGroup.lean,72,API,out_of_scope_category,
wikipedia-lychrelnumbers-eventually-palindrome-base10,LychrelNumbers.eventually_palindrome_base10,FormalConjectures/Wikipedia/LychrelNumbers.lean,83,API,out_of_scope_category,
wikipedia-lychrelnumbers-rev10-120,LychrelNumbers.rev10_120,FormalConjectures/Wikipedia/LychrelNumbers.lean,100,test,out_of_scope_category,
wikipedia-lychrelnumbers-palindrome-121,LychrelNumbers.palindrome_121,FormalConjectures/Wikipedia/LychrelNumbers.lean,105,test,out_of_scope_category,
wikipedia-lychrelnumbers-lychreliter-56-one,LychrelNumbers.lychrelIter_56_one,FormalConjectures/Wikipedia/LychrelNumbers.lean,111,test,out_of_scope_category,
wikipedia-lychrelnumbers-eventually-palindrome-56,LychrelNumbers.eventually_palindrome_56,FormalConjectures/Wikipedia/LychrelNumbers.lean,116,test,out_of_scope_category,
wikipedia-mahler32-consequence,Mahler32.mahler_conjecture.variants.consequence,FormalConjectures/Wikipedia/Mahler32.lean,49,textbook,out_of_scope_category,
wikipedia-mandelbrot-multibrotset-eq,Mandelbrot.multibrotSet_eq,FormalConjectures/Wikipedia/Mandelbrot.lean,51,API,out_of_scope_category,
wikipedia-mandelbrot-mandelbrotset-eq,Mandelbrot.mandelbrotSet_eq,FormalConjectures/Wikipedia/Mandelbrot.lean,103,API,out_of_scope_category,
wikipedia-mandelbrot-isattractingcycle-z-squared-minus-one,Mandelbrot.isAttractingCycle_z_squared_minus_one,FormalConjectures/Wikipedia/Mandelbrot.lean,126,test,out_of_scope_category,
wikipedia-mandelbrot-not-isattractingcycle-z-squared-minus-two,Mandelbrot.not_isAttractingCycle_z_squared_minus_two,FormalConjectures/Wikipedia/Mandelbrot.lean,132,test,out_of_scope_category,
wikipedia-mandelbrot-no-attractingcycle-period-zero,Mandelbrot.no_attractingCycle_period_zero,FormalConjectures/Wikipedia/Mandelbrot.lean,138,test,out_of_scope_category,
wikipedia-mandelbrot-multibrotset-frontier-measurable,Mandelbrot.multibrotSet_frontier_measurable,FormalConjectures/Wikipedia/Mandelbrot.lean,159,test,out_of_scope_category,
wikipedia-mersenne-new-mersenne-conjecture-of-prime,Mersenne.new_mersenne_conjecture_of_prime,FormalConjectures/Wikipedia/Mersenne.lean,78,textbook,out_of_scope_category,
wikipedia-moserworm-disc-mem-worm-covers,MoserWorm.disc_mem_worm_covers,FormalConjectures/Wikipedia/MoserWorm.lean,50,textbook,out_of_scope_category,
wikipedia-moserworm-mosers-worm-problem,MoserWorm.mosers_worm_problem,FormalConjectures/Wikipedia/MoserWorm.lean,59,research open,answer_sorry,non_boolean_or_non_open
wikipedia-moserworm-convex-mosers-worm-problem,MoserWorm.convex_mosers_worm_problem,FormalConjectures/Wikipedia/MoserWorm.lean,81,research open,answer_sorry,non_boolean_or_non_open
wikipedia-movingsofa-ismovingsofa-unitsquare,MovingSofa.isMovingSofa_unitSquare,FormalConjectures/Wikipedia/MovingSofa.lean,74,test,out_of_scope_category,
wikipedia-movingsofa-existsunique,MovingSofa.GerversSofa.ABφθSpec.existsUnique,FormalConjectures/Wikipedia/MovingSofa.lean,118,textbook,out_of_scope_category,
wikipedia-movingsofa-one-le-sofaconstant,MovingSofa.one_le_sofaConstant,FormalConjectures/Wikipedia/MovingSofa.lean,167,test,out_of_scope_category,
wikipedia-movingsofa-sofaconstant-eq,MovingSofa.sofaConstant_eq,FormalConjectures/Wikipedia/MovingSofa.lean,174,research solved,answer_sorry,non_boolean_or_non_open
wikipedia-noetherproblem-rationalextension-empty-index,NoetherProblem.rationalExtension_empty_index,FormalConjectures/Wikipedia/NoetherProblem.lean,39,test,out_of_scope_category,
wikipedia-oppermann-oppermann-implies-brocard,Oppermann.oppermann_implies_brocard,FormalConjectures/Wikipedia/Oppermann.lean,61,textbook,out_of_scope_category,
wikipedia-oppermann-oppermann-implies-legendre,Oppermann.oppermann_implies_legendre,FormalConjectures/Wikipedia/Oppermann.lean,69,textbook,out_of_scope_category,
wikipedia-pebblingnumberconjecture-refl,PebblingNumberConjecture.IsPebblingMove.refl,FormalConjectures/Wikipedia/PebblingNumberConjecture.lean,51,API,out_of_scope_category,
wikipedia-pebblingnumberconjecture-refl-2,PebblingNumberConjecture.IsReachable.refl,FormalConjectures/Wikipedia/PebblingNumberConjecture.lean,81,API,out_of_scope_category,
wikipedia-pebblingnumberconjecture-pebblingnumber-completegraph,PebblingNumberConjecture.PebblingNumber_completeGraph,FormalConjectures/Wikipedia/PebblingNumberConjecture.lean,97,API,out_of_scope_category,
wikipedia-pell-pellnumber-zero,PellNumbers.pellNumber_zero,FormalConjectures/Wikipedia/Pell.lean,41,test,out_of_scope_category,
wikipedia-pell-pellnumber-one,PellNumbers.pellNumber_one,FormalConjectures/Wikipedia/Pell.lean,44,test,out_of_scope_category,
wikipedia-pell-pellnumber-two,PellNumbers.pellNumber_two,FormalConjectures/Wikipedia/Pell.lean,47,test,out_of_scope_category,
wikipedia-pell-pellnumber-five,PellNumbers.pellNumber_five,FormalConjectures/Wikipedia/Pell.lean,50,test,out_of_scope_category,
wikipedia-pell-pellnumber-sq-add-pellnumber-succ-sq,PellNumbers.pellNumber_sq_add_pellNumber_succ_sq,FormalConjectures/Wikipedia/Pell.lean,55,textbook,out_of_scope_category,
wikipedia-pell-coe-pellnumber-eq,PellNumbers.coe_pellNumber_eq,FormalConjectures/Wikipedia/Pell.lean,61,textbook,out_of_scope_category,
wikipedia-pollocksconjecture-ncard-exceptions,PollocksConjecture.pollock_tetrahedral.ncard_exceptions,FormalConjectures/Wikipedia/PollocksConjecture.lean,71,textbook,out_of_scope_category,
wikipedia-ramanujantau-multipliable,RamanujanTau.multipliable,FormalConjectures/Wikipedia/RamanujanTau.lean,43,API,out_of_scope_category,
wikipedia-ramanujantau-zero,RamanujanTau.τ_zero,FormalConjectures/Wikipedia/RamanujanTau.lean,47,test,out_of_scope_category,
wikipedia-ramanujantau-one,RamanujanTau.τ_one,FormalConjectures/Wikipedia/RamanujanTau.lean,50,test,out_of_scope_category,
wikipedia-ramanujantau-two,RamanujanTau.τ_two,FormalConjectures/Wikipedia/RamanujanTau.lean,55,test,out_of_scope_category,
wikipedia-ramseynumbers-succ,RamseyNumbers.IsGraphRamsey.succ,FormalConjectures/Wikipedia/RamseyNumbers.lean,56,API,out_of_scope_category,
wikipedia-ramseynumbers-symm,RamseyNumbers.IsGraphRamsey.symm,FormalConjectures/Wikipedia/RamseyNumbers.lean,70,API,out_of_scope_category,
wikipedia-ramseynumbers-ramsey-number-five-five,RamseyNumbers.ramsey_number_five_five,FormalConjectures/Wikipedia/RamseyNumbers.lean,92,research open,answer_sorry,non_boolean_or_non_open
wikipedia-regularprimes-not-isregularprime-37-first,RegularPrimes.not_isRegularPrime_37_first,FormalConjectures/Wikipedia/RegularPrimes.lean,42,textbook,out_of_scope_category,
wikipedia-regularprimes-small-regular-primes,RegularPrimes.small_regular_primes,FormalConjectures/Wikipedia/RegularPrimes.lean,53,textbook,out_of_scope_category,
wikipedia-regularprimes-not-isregularprime-37-second,RegularPrimes.not_isRegularPrime_37_second,FormalConjectures/Wikipedia/RegularPrimes.lean,59,textbook,out_of_scope_category,
wikipedia-regularprimes-isregularprime-iff-bernoulli,RegularPrimes.isRegularPrime_iff_Bernoulli,FormalConjectures/Wikipedia/RegularPrimes.lean,65,textbook,out_of_scope_category,
wikipedia-selfridge-exist-pseudo-counterexample,Selfridge.selfridge_conjecture.variants.exist_pseudo_counterexample,FormalConjectures/Wikipedia/Selfridge.lean,80,textbook,out_of_scope_category,
wikipedia-selfridge-pseudo-counterexample,Selfridge.selfridge_conjecture.variants.pseudo_counterexample,FormalConjectures/Wikipedia/Selfridge.lean,93,textbook,out_of_scope_category,
wikipedia-selfridge-pseudo-counterexample-2,Selfridge.selfridge_conjecture.variants.pseudo_counterexample',FormalConjectures/Wikipedia/Selfridge.lean,105,textbook,out_of_scope_category,
wikipedia-snakeinthebox-snake-zero-zero,SnakeInBox.snake_zero_zero,FormalConjectures/Wikipedia/SnakeInTheBox.lean,63,test,out_of_scope_category,
wikipedia-snakeinthebox-snake-dim-nine,SnakeInBox.snake_dim_nine,FormalConjectures/Wikipedia/SnakeInTheBox.lean,92,research open,answer_sorry,non_boolean_or_non_open
wikipedia-squarepacking-eleven-square-packing-in-square-bound,SquarePacking.eleven_square_packing_in_square_bound,FormalConjectures/Wikipedia/SquarePacking.lean,87,textbook,out_of_scope_category,
wikipedia-squarepacking-least-eleven-square-packing-in-square,SquarePacking.least_eleven_square_packing_in_square,FormalConjectures/Wikipedia/SquarePacking.lean,97,research open,answer_sorry,non_boolean_or_non_open
wikipedia-squarepacking-seventeen-square-packing-in-square-bound,SquarePacking.seventeen_square_packing_in_square_bound,FormalConjectures/Wikipedia/SquarePacking.lean,107,textbook,out_of_scope_category,
wikipedia-squarepacking-least-seventeen-square-packing-in-square,SquarePacking.least_seventeen_square_packing_in_square,FormalConjectures/Wikipedia/SquarePacking.lean,117,research open,answer_sorry,non_boolean_or_non_open
wikipedia-squarepacking-three-square-packing-in-circle-bound,SquarePacking.three_square_packing_in_circle_bound,FormalConjectures/Wikipedia/SquarePacking.lean,127,textbook,out_of_scope_category,
wikipedia-squarepacking-least-three-square-packing-in-circle,SquarePacking.least_three_square_packing_in_circle,FormalConjectures/Wikipedia/SquarePacking.lean,137,research open,answer_sorry,non_boolean_or_non_open
wikipedia-squarepacking-twenty-one-circle-packing-in-square-bound,SquarePacking.twenty_one_circle_packing_in_square_bound,FormalConjectures/Wikipedia/SquarePacking.lean,147,textbook,out_of_scope_category,
wikipedia-squarepacking-least-twenty-one-circle-packing-in-square,SquarePacking.least_twenty_one_circle_packing_in_square,FormalConjectures/Wikipedia/SquarePacking.lean,155,research open,answer_sorry,non_boolean_or_non_open
wikipedia-squarepacking-fifteen-circle-packing-in-circle-bound,SquarePacking.fifteen_circle_packing_in_circle_bound,FormalConjectures/Wikipedia/SquarePacking.lean,168,textbook,out_of_scope_category,
wikipedia-squarepacking-least-fifteen-circle-packing-in-circle,SquarePacking.least_fifteen_circle_packing_in_circle,FormalConjectures/Wikipedia/SquarePacking.lean,180,research open,answer_sorry,non_boolean_or_non_open
wikipedia-sumofthreecubes-issumofthreecubes-2,SumOfThreeCubes.isSumOfThreeCubes_2,FormalConjectures/Wikipedia/SumOfThreeCubes.lean,40,test,out_of_scope_category,
wikipedia-sumofthreecubes-issumofthreecubes-33,SumOfThreeCubes.isSumOfThreeCubes_33,FormalConjectures/Wikipedia/SumOfThreeCubes.lean,44,test,out_of_scope_category,
wikipedia-sumofthreecubes-issumofthreecubes-42,SumOfThreeCubes.isSumOfThreeCubes_42,FormalConjectures/Wikipedia/SumOfThreeCubes.lean,48,test,out_of_scope_category,
wikipedia-sumofthreecubes-mod-9-of-issumofthreecubes,SumOfThreeCubes.mod_9_of_isSumOfThreeCubes,FormalConjectures/Wikipedia/SumOfThreeCubes.lean,52,test,out_of_scope_category,
wikipedia-taxicab-taxicab-1729,Taxicab.taxicab_1729,FormalConjectures/Wikipedia/Taxicab.lean,63,test,out_of_scope_category,
wikipedia-taxicab-taxicab-4,Taxicab.taxicab_4',FormalConjectures/Wikipedia/Taxicab.lean,76,test,out_of_scope_category,
wikipedia-taxicab-taxicab-4-2,Taxicab.taxicab_4,FormalConjectures/Wikipedia/Taxicab.lean,83,test,out_of_scope_category,
wikipedia-transcendental-exp-add-pi-or-exp-add-mul-transcendental,Transcendental.exp_add_pi_or_exp_add_mul_transcendental,FormalConjectures/Wikipedia/Transcendental.lean,130,textbook,out_of_scope_category,
wikipedia-unionclosed-isunionclosed-univ,UnionClosed.isUnionClosed_univ,FormalConjectures/Wikipedia/UnionClosed.lean,41,API,out_of_scope_category,
wikipedia-unionclosed-isunionclosed-powerset,UnionClosed.isUnionClosed_powerset,FormalConjectures/Wikipedia/UnionClosed.lean,46,API,out_of_scope_category,
wikipedia-wolstenholmeprime-wolstenholme-prime-2124679,WolstenholmePrime.wolstenholme_prime_2124679,FormalConjectures/Wikipedia/WolstenholmePrime.lean,58,test,out_of_scope_category,
wikipedia-wolstenholmeprime-wolstenholme-bernoulli,WolstenholmePrime.wolstenholme_bernoulli,FormalConjectures/Wikipedia/WolstenholmePrime.lean,65,textbook,out_of_scope_category,
wikipedia-wolstenholmeprime-wolstenholme-harmonic,WolstenholmePrime.wolstenholme_harmonic,FormalConjectures/Wikipedia/WolstenholmePrime.lean,74,textbook,out_of_scope_category,
writtenonthewallii-test-house-indep,WrittenOnTheWallII.Test.house_indep,FormalConjectures/WrittenOnTheWallII/Test.lean,80,test,out_of_scope_category,
writtenonthewallii-test-house-dom,WrittenOnTheWallII.Test.house_dom,FormalConjectures/WrittenOnTheWallII/Test.lean,84,test,out_of_scope_category,
writtenonthewallii-test-house-avg-dist,WrittenOnTheWallII.Test.house_avg_dist,FormalConjectures/WrittenOnTheWallII/Test.lean,88,test,out_of_scope_category,
writtenonthewallii-test-house-diameter,WrittenOnTheWallII.Test.house_diameter,FormalConjectures/WrittenOnTheWallII/Test.lean,93,test,out_of_scope_category,
writtenonthewallii-test-house-radius,WrittenOnTheWallII.Test.house_radius,FormalConjectures/WrittenOnTheWallII/Test.lean,97,test,out_of_scope_category,
writtenonthewallii-test-house-girth,WrittenOnTheWallII.Test.house_girth,FormalConjectures/WrittenOnTheWallII/Test.lean,101,test,out_of_scope_category,
writtenonthewallii-test-house-order,WrittenOnTheWallII.Test.house_order,FormalConjectures/WrittenOnTheWallII/Test.lean,105,test,out_of_scope_category,
writtenonthewallii-test-house-size,WrittenOnTheWallII.Test.house_size,FormalConjectures/WrittenOnTheWallII/Test.lean,108,test,out_of_scope_category,
writtenonthewallii-test-house-szeged,WrittenOnTheWallII.Test.house_szeged,FormalConjectures/WrittenOnTheWallII/Test.lean,112,test,out_of_scope_category,
writtenonthewallii-test-house-wiener,WrittenOnTheWallII.Test.house_wiener,FormalConjectures/WrittenOnTheWallII/Test.lean,116,test,out_of_scope_category,
writtenonthewallii-test-house-min-deg,WrittenOnTheWallII.Test.house_min_deg,FormalConjectures/WrittenOnTheWallII/Test.lean,120,test,out_of_scope_category,
writtenonthewallii-test-house-max-deg,WrittenOnTheWallII.Test.house_max_deg,FormalConjectures/WrittenOnTheWallII/Test.lean,124,test,out_of_scope_category,
writtenonthewallii-test-house-avg-deg,WrittenOnTheWallII.Test.house_avg_deg,FormalConjectures/WrittenOnTheWallII/Test.lean,128,test,out_of_scope_category,
writtenonthewallii-test-house-matching,WrittenOnTheWallII.Test.house_matching,FormalConjectures/WrittenOnTheWallII/Test.lean,132,test,out_of_scope_category,
writtenonthewallii-test-house-residue,WrittenOnTheWallII.Test.house_residue,FormalConjectures/WrittenOnTheWallII/Test.lean,136,test,out_of_scope_category,
writtenonthewallii-test-house-annihilation,WrittenOnTheWallII.Test.house_annihilation,FormalConjectures/WrittenOnTheWallII/Test.lean,140,test,out_of_scope_category,
writtenonthewallii-test-house-cvetkovic,WrittenOnTheWallII.Test.house_cvetkovic,FormalConjectures/WrittenOnTheWallII/Test.lean,144,test,out_of_scope_category,
writtenonthewallii-test-k4-indep,WrittenOnTheWallII.Test.K4_indep,FormalConjectures/WrittenOnTheWallII/Test.lean,151,test,out_of_scope_category,
writtenonthewallii-test-k4-dom,WrittenOnTheWallII.Test.K4_dom,FormalConjectures/WrittenOnTheWallII/Test.lean,155,test,out_of_scope_category,
writtenonthewallii-test-k4-avg-dist,WrittenOnTheWallII.Test.K4_avg_dist,FormalConjectures/WrittenOnTheWallII/Test.lean,159,test,out_of_scope_category,
writtenonthewallii-test-k4-diameter,WrittenOnTheWallII.Test.K4_diameter,FormalConjectures/WrittenOnTheWallII/Test.lean,164,test,out_of_scope_category,
writtenonthewallii-test-k4-radius,WrittenOnTheWallII.Test.K4_radius,FormalConjectures/WrittenOnTheWallII/Test.lean,168,test,out_of_scope_category,
writtenonthewallii-test-k4-girth,WrittenOnTheWallII.Test.K4_girth,FormalConjectures/WrittenOnTheWallII/Test.lean,172,test,out_of_scope_category,
writtenonthewallii-test-k4-order,WrittenOnTheWallII.Test.K4_order,FormalConjectures/WrittenOnTheWallII/Test.lean,176,test,out_of_scope_category,
writtenonthewallii-test-k4-size,WrittenOnTheWallII.Test.K4_size,FormalConjectures/WrittenOnTheWallII/Test.lean,179,test,out_of_scope_category,
writtenonthewallii-test-k4-szeged,WrittenOnTheWallII.Test.K4_szeged,FormalConjectures/WrittenOnTheWallII/Test.lean,183,test,out_of_scope_category,
writtenonthewallii-test-k4-wiener,WrittenOnTheWallII.Test.K4_wiener,FormalConjectures/WrittenOnTheWallII/Test.lean,187,test,out_of_scope_category,
writtenonthewallii-test-k4-min-deg,WrittenOnTheWallII.Test.K4_min_deg,FormalConjectures/WrittenOnTheWallII/Test.lean,191,test,out_of_scope_category,
writtenonthewallii-test-k4-max-deg,WrittenOnTheWallII.Test.K4_max_deg,FormalConjectures/WrittenOnTheWallII/Test.lean,195,test,out_of_scope_category,
writtenonthewallii-test-k4-avg-deg,WrittenOnTheWallII.Test.K4_avg_deg,FormalConjectures/WrittenOnTheWallII/Test.lean,199,test,out_of_scope_category,
writtenonthewallii-test-k4-matching,WrittenOnTheWallII.Test.K4_matching,FormalConjectures/WrittenOnTheWallII/Test.lean,203,test,out_of_scope_category,
writtenonthewallii-test-k4-residue,WrittenOnTheWallII.Test.K4_residue,FormalConjectures/WrittenOnTheWallII/Test.lean,207,test,out_of_scope_category,
writtenonthewallii-test-k4-annihilation,WrittenOnTheWallII.Test.K4_annihilation,FormalConjectures/WrittenOnTheWallII/Test.lean,211,test,out_of_scope_category,
writtenonthewallii-test-k4-cvetkovic,WrittenOnTheWallII.Test.K4_cvetkovic,FormalConjectures/WrittenOnTheWallII/Test.lean,215,test,out_of_scope_category,
writtenonthewallii-test-petersen-indep,WrittenOnTheWallII.Test.petersen_indep,FormalConjectures/WrittenOnTheWallII/Test.lean,222,test,out_of_scope_category,
writtenonthewallii-test-petersen-dom,WrittenOnTheWallII.Test.petersen_dom,FormalConjectures/WrittenOnTheWallII/Test.lean,226,test,out_of_scope_category,
writtenonthewallii-test-petersen-avg-dist,WrittenOnTheWallII.Test.petersen_avg_dist,FormalConjectures/WrittenOnTheWallII/Test.lean,230,test,out_of_scope_category,
writtenonthewallii-test-petersen-diameter,WrittenOnTheWallII.Test.petersen_diameter,FormalConjectures/WrittenOnTheWallII/Test.lean,235,test,out_of_scope_category,
writtenonthewallii-test-petersen-radius,WrittenOnTheWallII.Test.petersen_radius,FormalConjectures/WrittenOnTheWallII/Test.lean,239,test,out_of_scope_category,
writtenonthewallii-test-petersen-girth,WrittenOnTheWallII.Test.petersen_girth,FormalConjectures/WrittenOnTheWallII/Test.lean,243,test,out_of_scope_category,
writtenonthewallii-test-petersen-order,WrittenOnTheWallII.Test.petersen_order,FormalConjectures/WrittenOnTheWallII/Test.lean,247,test,out_of_scope_category,
writtenonthewallii-test-petersen-size,WrittenOnTheWallII.Test.petersen_size,FormalConjectures/WrittenOnTheWallII/Test.lean,250,test,out_of_scope_category,
writtenonthewallii-test-petersen-szeged,WrittenOnTheWallII.Test.petersen_szeged,FormalConjectures/WrittenOnTheWallII/Test.lean,254,test,out_of_scope_category,
writtenonthewallii-test-petersen-wiener,WrittenOnTheWallII.Test.petersen_wiener,FormalConjectures/WrittenOnTheWallII/Test.lean,258,test,out_of_scope_category,
writtenonthewallii-test-petersen-min-deg,WrittenOnTheWallII.Test.petersen_min_deg,FormalConjectures/WrittenOnTheWallII/Test.lean,262,test,out_of_scope_category,
writtenonthewallii-test-petersen-max-deg,WrittenOnTheWallII.Test.petersen_max_deg,FormalConjectures/WrittenOnTheWallII/Test.lean,266,test,out_of_scope_category,
writtenonthewallii-test-petersen-avg-deg,WrittenOnTheWallII.Test.petersen_avg_deg,FormalConjectures/WrittenOnTheWallII/Test.lean,270,test,out_of_scope_category,
writtenonthewallii-test-petersen-matching,WrittenOnTheWallII.Test.petersen_matching,FormalConjectures/WrittenOnTheWallII/Test.lean,274,test,out_of_scope_category,
writtenonthewallii-test-petersen-residue,WrittenOnTheWallII.Test.petersen_residue,FormalConjectures/WrittenOnTheWallII/Test.lean,278,test,out_of_scope_category,
writtenonthewallii-test-petersen-annihilation,WrittenOnTheWallII.Test.petersen_annihilation,FormalConjectures/WrittenOnTheWallII/Test.lean,282,test,out_of_scope_category,
writtenonthewallii-test-petersen-cvetkovic,WrittenOnTheWallII.Test.petersen_cvetkovic,FormalConjectures/WrittenOnTheWallII/Test.lean,286,test,out_of_scope_category,
writtenonthewallii-test-c6-indep,WrittenOnTheWallII.Test.C6_indep,FormalConjectures/WrittenOnTheWallII/Test.lean,293,test,out_of_scope_category,
writtenonthewallii-test-c6-dom,WrittenOnTheWallII.Test.C6_dom,FormalConjectures/WrittenOnTheWallII/Test.lean,297,test,out_of_scope_category,
writtenonthewallii-test-c6-avg-dist,WrittenOnTheWallII.Test.C6_avg_dist,FormalConjectures/WrittenOnTheWallII/Test.lean,301,test,out_of_scope_category,
writtenonthewallii-test-c6-diameter,WrittenOnTheWallII.Test.C6_diameter,FormalConjectures/WrittenOnTheWallII/Test.lean,306,test,out_of_scope_category,
writtenonthewallii-test-c6-radius,WrittenOnTheWallII.Test.C6_radius,FormalConjectures/WrittenOnTheWallII/Test.lean,310,test,out_of_scope_category,
writtenonthewallii-test-c6-girth,WrittenOnTheWallII.Test.C6_girth,FormalConjectures/WrittenOnTheWallII/Test.lean,314,test,out_of_scope_category,
writtenonthewallii-test-c6-order,WrittenOnTheWallII.Test.C6_order,FormalConjectures/WrittenOnTheWallII/Test.lean,318,test,out_of_scope_category,
writtenonthewallii-test-c6-size,WrittenOnTheWallII.Test.C6_size,FormalConjectures/WrittenOnTheWallII/Test.lean,321,test,out_of_scope_category,
writtenonthewallii-test-c6-szeged,WrittenOnTheWallII.Test.C6_szeged,FormalConjectures/WrittenOnTheWallII/Test.lean,325,test,out_of_scope_category,
writtenonthewallii-test-c6-wiener,WrittenOnTheWallII.Test.C6_wiener,FormalConjectures/WrittenOnTheWallII/Test.lean,329,test,out_of_scope_category,
writtenonthewallii-test-c6-min-deg,WrittenOnTheWallII.Test.C6_min_deg,FormalConjectures/WrittenOnTheWallII/Test.lean,333,test,out_of_scope_category,
writtenonthewallii-test-c6-max-deg,WrittenOnTheWallII.Test.C6_max_deg,FormalConjectures/WrittenOnTheWallII/Test.lean,337,test,out_of_scope_category,
writtenonthewallii-test-c6-avg-deg,WrittenOnTheWallII.Test.C6_avg_deg,FormalConjectures/WrittenOnTheWallII/Test.lean,341,test,out_of_scope_category,
writtenonthewallii-test-c6-matching,WrittenOnTheWallII.Test.C6_matching,FormalConjectures/WrittenOnTheWallII/Test.lean,345,test,out_of_scope_category,
writtenonthewallii-test-c6-residue,WrittenOnTheWallII.Test.C6_residue,FormalConjectures/WrittenOnTheWallII/Test.lean,349,test,out_of_scope_category,
writtenonthewallii-test-c6-annihilation,WrittenOnTheWallII.Test.C6_annihilation,FormalConjectures/WrittenOnTheWallII/Test.lean,353,test,out_of_scope_category,
writtenonthewallii-test-c6-cvetkovic,WrittenOnTheWallII.Test.C6_cvetkovic,FormalConjectures/WrittenOnTheWallII/Test.lean,357,test,out_of_scope_category,
writtenonthewallii-test-star5-indep,WrittenOnTheWallII.Test.Star5_indep,FormalConjectures/WrittenOnTheWallII/Test.lean,363,test,out_of_scope_category,
writtenonthewallii-test-star5-dom,WrittenOnTheWallII.Test.Star5_dom,FormalConjectures/WrittenOnTheWallII/Test.lean,367,test,out_of_scope_category,
writtenonthewallii-test-star5-avg-dist,WrittenOnTheWallII.Test.Star5_avg_dist,FormalConjectures/WrittenOnTheWallII/Test.lean,371,test,out_of_scope_category,
writtenonthewallii-test-star5-diameter,WrittenOnTheWallII.Test.Star5_diameter,FormalConjectures/WrittenOnTheWallII/Test.lean,376,test,out_of_scope_category,
writtenonthewallii-test-star5-radius,WrittenOnTheWallII.Test.Star5_radius,FormalConjectures/WrittenOnTheWallII/Test.lean,380,test,out_of_scope_category,
writtenonthewallii-test-star5-girth,WrittenOnTheWallII.Test.Star5_girth,FormalConjectures/WrittenOnTheWallII/Test.lean,384,test,out_of_scope_category,
writtenonthewallii-test-star5-order,WrittenOnTheWallII.Test.Star5_order,FormalConjectures/WrittenOnTheWallII/Test.lean,388,test,out_of_scope_category,
writtenonthewallii-test-star5-size,WrittenOnTheWallII.Test.Star5_size,FormalConjectures/WrittenOnTheWallII/Test.lean,391,test,out_of_scope_category,
writtenonthewallii-test-star5-szeged,WrittenOnTheWallII.Test.Star5_szeged,FormalConjectures/WrittenOnTheWallII/Test.lean,395,test,out_of_scope_category,
writtenonthewallii-test-star5-wiener,WrittenOnTheWallII.Test.Star5_wiener,FormalConjectures/WrittenOnTheWallII/Test.lean,399,test,out_of_scope_category,
writtenonthewallii-test-star5-min-deg,WrittenOnTheWallII.Test.Star5_min_deg,FormalConjectures/WrittenOnTheWallII/Test.lean,403,test,out_of_scope_category,
writtenonthewallii-test-star5-max-deg,WrittenOnTheWallII.Test.Star5_max_deg,FormalConjectures/WrittenOnTheWallII/Test.lean,407,test,out_of_scope_category,
writtenonthewallii-test-star5-avg-deg,WrittenOnTheWallII.Test.Star5_avg_deg,FormalConjectures/WrittenOnTheWallII/Test.lean,411,test,out_of_scope_category,
writtenonthewallii-test-star5-matching,WrittenOnTheWallII.Test.Star5_matching,FormalConjectures/WrittenOnTheWallII/Test.lean,415,test,out_of_scope_category,
writtenonthewallii-test-star5-residue,WrittenOnTheWallII.Test.Star5_residue,FormalConjectures/WrittenOnTheWallII/Test.lean,419,test,out_of_scope_category,
writtenonthewallii-test-star5-annihilation,WrittenOnTheWallII.Test.Star5_annihilation,FormalConjectures/WrittenOnTheWallII/Test.lean,423,test,out_of_scope_category,
writtenonthewallii-test-star5-cvetkovic,WrittenOnTheWallII.Test.Star5_cvetkovic,FormalConjectures/WrittenOnTheWallII/Test.lean,427,test,out_of_scope_category,
